scenario,config,metric,n,median,iqr,note
load,vapor,cpu_mean_percent_of_one_core,5,82.1030,1.2548,"Mean CPU, percent of one core, summed over the three containers; the quota is 450"
load,vapor,probe_p50_ms,5,2.0150,0.1285,"Control-plane probe median, identical instrumentation on both stacks"
load,vapor,probe_p95_ms,5,86.8104,0.6046,"Control-plane probe 95th percentile, identical instrumentation on both stacks"
load,vapor,probe_p99_ms,5,198.5708,20.7311,"Control-plane probe 99th percentile, identical instrumentation on both stacks"
load,boot-t200,cpu_mean_percent_of_one_core,5,104.6532,2.8213,"Mean CPU, percent of one core, summed over the three containers; the quota is 450"
load,boot-t200,gc_pause_count,5,73.0000,32.0000,Garbage-collection pauses during the window (JVM only)
load,boot-t200,gc_pause_total_seconds,5,0.4550,0.1620,Total garbage-collection pause time in seconds (JVM only)
load,boot-t200,tomcat_busy_threads_median,5,1.0000,0.0000,"Busy Tomcat threads, steady state (JVM only)"
load,boot-t200,tomcat_busy_threads_peak,5,64.0000,8.0000,"Busy Tomcat threads, peak (JVM only)"
load,boot-t200,db_pool_pending_median,5,0.0000,0.0000,"Threads waiting for a database connection, steady state (JVM only)"
load,boot-t200,db_pool_pending_peak,5,43.0000,8.0000,"Threads waiting for a database connection, peak (JVM only)"
load,boot-t200,db_wait_mean_ms,5,326.5859,13.6213,"Mean time to acquire a database connection, milliseconds (JVM only)"
load,boot-t200,probe_p50_ms,5,3.3890,0.2940,"Control-plane probe median, identical instrumentation on both stacks"
load,boot-t200,probe_p95_ms,5,194.3656,10.0360,"Control-plane probe 95th percentile, identical instrumentation on both stacks"
load,boot-t200,probe_p99_ms,5,1578.7971,200.8538,"Control-plane probe 99th percentile, identical instrumentation on both stacks"
load,boot-t64,cpu_mean_percent_of_one_core,5,104.5445,1.4290,"Mean CPU, percent of one core, summed over the three containers; the quota is 450"
load,boot-t64,gc_pause_count,5,91.0000,11.0000,Garbage-collection pauses during the window (JVM only)
load,boot-t64,gc_pause_total_seconds,5,0.6210,0.0650,Total garbage-collection pause time in seconds (JVM only)
load,boot-t64,tomcat_busy_threads_median,5,1.0000,0.0000,"Busy Tomcat threads, steady state (JVM only)"
load,boot-t64,tomcat_busy_threads_peak,5,58.0000,6.0000,"Busy Tomcat threads, peak (JVM only)"
load,boot-t64,db_pool_pending_median,5,0.0000,0.0000,"Threads waiting for a database connection, steady state (JVM only)"
load,boot-t64,db_pool_pending_peak,5,37.0000,2.0000,"Threads waiting for a database connection, peak (JVM only)"
load,boot-t64,db_wait_mean_ms,5,327.9373,9.4758,"Mean time to acquire a database connection, milliseconds (JVM only)"
load,boot-t64,probe_p50_ms,5,3.3570,0.1230,"Control-plane probe median, identical instrumentation on both stacks"
load,boot-t64,probe_p95_ms,5,187.5802,14.7047,"Control-plane probe 95th percentile, identical instrumentation on both stacks"
load,boot-t64,probe_p99_ms,5,1457.1099,32.4706,"Control-plane probe 99th percentile, identical instrumentation on both stacks"
load,boot-vt,cpu_mean_percent_of_one_core,5,87.7598,2.8175,"Mean CPU, percent of one core, summed over the three containers; the quota is 450"
load,boot-vt,gc_pause_count,5,112.0000,47.0000,Garbage-collection pauses during the window (JVM only)
load,boot-vt,gc_pause_total_seconds,5,0.3460,0.1530,Total garbage-collection pause time in seconds (JVM only)
load,boot-vt,db_pool_pending_median,5,0.0000,0.0000,"Threads waiting for a database connection, steady state (JVM only)"
load,boot-vt,db_pool_pending_peak,5,7.0000,6.0000,"Threads waiting for a database connection, peak (JVM only)"
load,boot-vt,db_wait_mean_ms,5,51.9384,28.1683,"Mean time to acquire a database connection, milliseconds (JVM only)"
load,boot-vt,probe_p50_ms,5,3.0440,0.0725,"Control-plane probe median, identical instrumentation on both stacks"
load,boot-vt,probe_p95_ms,5,201.0930,65.1153,"Control-plane probe 95th percentile, identical instrumentation on both stacks"
load,boot-vt,probe_p99_ms,5,989.7365,231.7484,"Control-plane probe 99th percentile, identical instrumentation on both stacks"
stress,vapor,cpu_mean_percent_of_one_core,5,145.6860,1.2483,"Mean CPU, percent of one core, summed over the three containers; the quota is 450"
stress,vapor,probe_p50_ms,5,3.0610,0.0485,"Control-plane probe median, identical instrumentation on both stacks"
stress,vapor,probe_p95_ms,5,2185.1666,199.6226,"Control-plane probe 95th percentile, identical instrumentation on both stacks"
stress,vapor,probe_p99_ms,5,3693.5603,311.3651,"Control-plane probe 99th percentile, identical instrumentation on both stacks"
stress,boot-t200,cpu_mean_percent_of_one_core,5,149.5435,0.5540,"Mean CPU, percent of one core, summed over the three containers; the quota is 450"
stress,boot-t200,gc_pause_count,5,59.0000,11.0000,Garbage-collection pauses during the window (JVM only)
stress,boot-t200,gc_pause_total_seconds,5,0.6700,0.0750,Total garbage-collection pause time in seconds (JVM only)
stress,boot-t200,tomcat_busy_threads_median,5,1.0000,0.0000,"Busy Tomcat threads, steady state (JVM only)"
stress,boot-t200,tomcat_busy_threads_peak,5,200.0000,0.0000,"Busy Tomcat threads, peak (JVM only)"
stress,boot-t200,db_pool_pending_median,5,0.0000,0.0000,"Threads waiting for a database connection, steady state (JVM only)"
stress,boot-t200,db_pool_pending_peak,5,179.0000,1.0000,"Threads waiting for a database connection, peak (JVM only)"
stress,boot-t200,db_wait_mean_ms,5,3045.9452,167.0672,"Mean time to acquire a database connection, milliseconds (JVM only)"
stress,boot-t200,probe_p50_ms,5,5.4595,0.5240,"Control-plane probe median, identical instrumentation on both stacks"
stress,boot-t200,probe_p95_ms,5,1474.7401,603.2328,"Control-plane probe 95th percentile, identical instrumentation on both stacks"
stress,boot-t200,probe_p99_ms,5,6582.5524,664.4901,"Control-plane probe 99th percentile, identical instrumentation on both stacks"
stress,boot-t64,cpu_mean_percent_of_one_core,5,149.0127,0.4731,"Mean CPU, percent of one core, summed over the three containers; the quota is 450"
stress,boot-t64,gc_pause_count,5,49.0000,24.0000,Garbage-collection pauses during the window (JVM only)
stress,boot-t64,gc_pause_total_seconds,5,0.2960,0.3130,Total garbage-collection pause time in seconds (JVM only)
stress,boot-t64,tomcat_busy_threads_median,5,1.0000,0.0000,"Busy Tomcat threads, steady state (JVM only)"
stress,boot-t64,tomcat_busy_threads_peak,5,64.0000,0.0000,"Busy Tomcat threads, peak (JVM only)"
stress,boot-t64,db_pool_pending_median,5,0.0000,0.0000,"Threads waiting for a database connection, steady state (JVM only)"
stress,boot-t64,db_pool_pending_peak,5,43.0000,0.0000,"Threads waiting for a database connection, peak (JVM only)"
stress,boot-t64,db_wait_mean_ms,5,1035.6248,55.7864,"Mean time to acquire a database connection, milliseconds (JVM only)"
stress,boot-t64,probe_p50_ms,5,5.7485,0.4455,"Control-plane probe median, identical instrumentation on both stacks"
stress,boot-t64,probe_p95_ms,5,2139.0560,259.7624,"Control-plane probe 95th percentile, identical instrumentation on both stacks"
stress,boot-t64,probe_p99_ms,5,6999.0333,1418.2308,"Control-plane probe 99th percentile, identical instrumentation on both stacks"
stress,boot-vt,cpu_mean_percent_of_one_core,5,145.1600,0.3706,"Mean CPU, percent of one core, summed over the three containers; the quota is 450"
stress,boot-vt,gc_pause_count,5,147.0000,102.0000,Garbage-collection pauses during the window (JVM only)
stress,boot-vt,gc_pause_total_seconds,5,1.1060,0.5180,Total garbage-collection pause time in seconds (JVM only)
stress,boot-vt,db_pool_pending_median,5,0.0000,0.0000,"Threads waiting for a database connection, steady state (JVM only)"
stress,boot-vt,db_pool_pending_peak,5,769.0000,4.0000,"Threads waiting for a database connection, peak (JVM only)"
stress,boot-vt,db_wait_mean_ms,5,6609.7057,89.0444,"Mean time to acquire a database connection, milliseconds (JVM only)"
stress,boot-vt,probe_p50_ms,5,4.3360,0.2105,"Control-plane probe median, identical instrumentation on both stacks"
stress,boot-vt,probe_p95_ms,5,4113.0425,712.4778,"Control-plane probe 95th percentile, identical instrumentation on both stacks"
stress,boot-vt,probe_p99_ms,5,7541.7978,711.3374,"Control-plane probe 99th percentile, identical instrumentation on both stacks"
spike,vapor,cpu_mean_percent_of_one_core,5,71.5341,0.3884,"Mean CPU, percent of one core, summed over the three containers; the quota is 450"
spike,vapor,probe_p50_ms,5,3.0040,0.0430,"Control-plane probe median, identical instrumentation on both stacks"
spike,vapor,probe_p95_ms,5,6.7503,0.6010,"Control-plane probe 95th percentile, identical instrumentation on both stacks"
spike,vapor,probe_p99_ms,5,12.3096,1.2972,"Control-plane probe 99th percentile, identical instrumentation on both stacks"
spike,boot-t200,cpu_mean_percent_of_one_core,5,48.5508,1.3665,"Mean CPU, percent of one core, summed over the three containers; the quota is 450"
spike,boot-t200,gc_pause_count,5,129.0000,29.0000,Garbage-collection pauses during the window (JVM only)
spike,boot-t200,gc_pause_total_seconds,5,0.7450,0.0400,Total garbage-collection pause time in seconds (JVM only)
spike,boot-t200,tomcat_busy_threads_median,5,1.0000,0.0000,"Busy Tomcat threads, steady state (JVM only)"
spike,boot-t200,tomcat_busy_threads_peak,5,4.0000,2.0000,"Busy Tomcat threads, peak (JVM only)"
spike,boot-t200,db_pool_pending_median,5,0.0000,0.0000,"Threads waiting for a database connection, steady state (JVM only)"
spike,boot-t200,db_pool_pending_peak,5,0.0000,0.0000,"Threads waiting for a database connection, peak (JVM only)"
spike,boot-t200,db_wait_mean_ms,5,4.8119,16.5699,"Mean time to acquire a database connection, milliseconds (JVM only)"
spike,boot-t200,probe_p50_ms,5,5.7065,0.1035,"Control-plane probe median, identical instrumentation on both stacks"
spike,boot-t200,probe_p95_ms,5,10.3972,0.2615,"Control-plane probe 95th percentile, identical instrumentation on both stacks"
spike,boot-t200,probe_p99_ms,5,15.2020,3.1480,"Control-plane probe 99th percentile, identical instrumentation on both stacks"
spike,boot-t64,cpu_mean_percent_of_one_core,5,46.9605,0.7758,"Mean CPU, percent of one core, summed over the three containers; the quota is 450"
spike,boot-t64,gc_pause_count,5,95.0000,22.0000,Garbage-collection pauses during the window (JVM only)
spike,boot-t64,gc_pause_total_seconds,5,0.5790,0.2100,Total garbage-collection pause time in seconds (JVM only)
spike,boot-t64,tomcat_busy_threads_median,5,1.0000,0.0000,"Busy Tomcat threads, steady state (JVM only)"
spike,boot-t64,tomcat_busy_threads_peak,5,12.0000,4.0000,"Busy Tomcat threads, peak (JVM only)"
spike,boot-t64,db_pool_pending_median,5,0.0000,0.0000,"Threads waiting for a database connection, steady state (JVM only)"
spike,boot-t64,db_pool_pending_peak,5,0.0000,0.0000,"Threads waiting for a database connection, peak (JVM only)"
spike,boot-t64,db_wait_mean_ms,5,23.4389,7.8347,"Mean time to acquire a database connection, milliseconds (JVM only)"
spike,boot-t64,probe_p50_ms,5,5.8825,0.1285,"Control-plane probe median, identical instrumentation on both stacks"
spike,boot-t64,probe_p95_ms,5,10.4082,0.4027,"Control-plane probe 95th percentile, identical instrumentation on both stacks"
spike,boot-t64,probe_p99_ms,5,14.2553,2.8112,"Control-plane probe 99th percentile, identical instrumentation on both stacks"
spike,boot-vt,cpu_mean_percent_of_one_core,5,43.7889,1.4649,"Mean CPU, percent of one core, summed over the three containers; the quota is 450"
spike,boot-vt,gc_pause_count,5,125.0000,24.0000,Garbage-collection pauses during the window (JVM only)
spike,boot-vt,gc_pause_total_seconds,5,0.5700,0.0670,Total garbage-collection pause time in seconds (JVM only)
spike,boot-vt,db_pool_pending_median,5,0.0000,0.0000,"Threads waiting for a database connection, steady state (JVM only)"
spike,boot-vt,db_pool_pending_peak,5,0.0000,0.0000,"Threads waiting for a database connection, peak (JVM only)"
spike,boot-vt,db_wait_mean_ms,5,0.7275,10.3449,"Mean time to acquire a database connection, milliseconds (JVM only)"
spike,boot-vt,probe_p50_ms,5,5.8725,0.0360,"Control-plane probe median, identical instrumentation on both stacks"
spike,boot-vt,probe_p95_ms,5,10.7745,0.1372,"Control-plane probe 95th percentile, identical instrumentation on both stacks"
spike,boot-vt,probe_p99_ms,5,14.9872,3.4902,"Control-plane probe 99th percentile, identical instrumentation on both stacks"
soak,vapor,cpu_mean_percent_of_one_core,5,35.8222,1.6295,"Mean CPU, percent of one core, summed over the three containers; the quota is 450"
soak,vapor,probe_p50_ms,5,2.9465,0.0280,"Control-plane probe median, identical instrumentation on both stacks"
soak,vapor,probe_p95_ms,5,5.7264,0.0420,"Control-plane probe 95th percentile, identical instrumentation on both stacks"
soak,vapor,probe_p99_ms,5,29.4730,8.8628,"Control-plane probe 99th percentile, identical instrumentation on both stacks"
soak,boot-t200,cpu_mean_percent_of_one_core,5,47.9978,0.8853,"Mean CPU, percent of one core, summed over the three containers; the quota is 450"
soak,boot-t200,gc_pause_count,5,43.0000,8.0000,Garbage-collection pauses during the window (JVM only)
soak,boot-t200,gc_pause_total_seconds,5,0.2020,0.1320,Total garbage-collection pause time in seconds (JVM only)
soak,boot-t200,tomcat_busy_threads_median,5,1.0000,0.0000,"Busy Tomcat threads, steady state (JVM only)"
soak,boot-t200,tomcat_busy_threads_peak,5,7.0000,1.0000,"Busy Tomcat threads, peak (JVM only)"
soak,boot-t200,db_pool_pending_median,5,0.0000,0.0000,"Threads waiting for a database connection, steady state (JVM only)"
soak,boot-t200,db_pool_pending_peak,5,0.0000,0.0000,"Threads waiting for a database connection, peak (JVM only)"
soak,boot-t200,db_wait_mean_ms,5,0.3529,0.1090,"Mean time to acquire a database connection, milliseconds (JVM only)"
soak,boot-t200,probe_p50_ms,5,5.7760,0.2715,"Control-plane probe median, identical instrumentation on both stacks"
soak,boot-t200,probe_p95_ms,5,10.6730,0.0428,"Control-plane probe 95th percentile, identical instrumentation on both stacks"
soak,boot-t200,probe_p99_ms,5,21.0286,4.4908,"Control-plane probe 99th percentile, identical instrumentation on both stacks"
soak,boot-t64,cpu_mean_percent_of_one_core,5,47.9749,2.9094,"Mean CPU, percent of one core, summed over the three containers; the quota is 450"
soak,boot-t64,gc_pause_count,5,36.0000,10.0000,Garbage-collection pauses during the window (JVM only)
soak,boot-t64,gc_pause_total_seconds,5,0.1800,0.0730,Total garbage-collection pause time in seconds (JVM only)
soak,boot-t64,tomcat_busy_threads_median,5,1.0000,0.0000,"Busy Tomcat threads, steady state (JVM only)"
soak,boot-t64,tomcat_busy_threads_peak,5,5.0000,2.0000,"Busy Tomcat threads, peak (JVM only)"
soak,boot-t64,db_pool_pending_median,5,0.0000,0.0000,"Threads waiting for a database connection, steady state (JVM only)"
soak,boot-t64,db_pool_pending_peak,5,0.0000,0.0000,"Threads waiting for a database connection, peak (JVM only)"
soak,boot-t64,db_wait_mean_ms,5,0.3497,0.1201,"Mean time to acquire a database connection, milliseconds (JVM only)"
soak,boot-t64,probe_p50_ms,5,5.7950,0.2075,"Control-plane probe median, identical instrumentation on both stacks"
soak,boot-t64,probe_p95_ms,5,10.7308,0.1393,"Control-plane probe 95th percentile, identical instrumentation on both stacks"
soak,boot-t64,probe_p99_ms,5,26.1420,3.0229,"Control-plane probe 99th percentile, identical instrumentation on both stacks"
soak,boot-vt,cpu_mean_percent_of_one_core,5,45.0439,1.8408,"Mean CPU, percent of one core, summed over the three containers; the quota is 450"
soak,boot-vt,gc_pause_count,5,16.0000,25.0000,Garbage-collection pauses during the window (JVM only)
soak,boot-vt,gc_pause_total_seconds,5,0.1200,0.0560,Total garbage-collection pause time in seconds (JVM only)
soak,boot-vt,db_pool_pending_median,5,0.0000,0.0000,"Threads waiting for a database connection, steady state (JVM only)"
soak,boot-vt,db_pool_pending_peak,5,0.0000,0.0000,"Threads waiting for a database connection, peak (JVM only)"
soak,boot-vt,db_wait_mean_ms,5,9.3837,1.7157,"Mean time to acquire a database connection, milliseconds (JVM only)"
soak,boot-vt,probe_p50_ms,5,6.4845,0.1485,"Control-plane probe median, identical instrumentation on both stacks"
soak,boot-vt,probe_p95_ms,5,19.2282,14.9616,"Control-plane probe 95th percentile, identical instrumentation on both stacks"
soak,boot-vt,probe_p99_ms,5,224.1792,9.3522,"Control-plane probe 99th percentile, identical instrumentation on both stacks"
