run_id,config,scenario,repetition,target,k6_returncode,server_metrics_incomplete,k6_wall_seconds,window_seconds,finished_iso,iterations,vus_max,error_count,server_request_count,probe_samples,probe_failures,cpu_quota_percent,tomcat_threads_max_config,db_pool_active_peak,swift_rss_internal_bytes,server_throughput_p90_rps,client_p50_ms,client_p95_ms,client_p99_ms,client_max_ms,server_p50_ms,server_p95_ms,server_p99_ms,server_mean_ms,throughput_rps,requests_total,error_rate,rss_peak_bytes,rss_steady_bytes,cpu_mean_percent_of_one_core,jvm_heap_used_steady_bytes,jvm_heap_used_peak_bytes,jvm_heap_committed_steady_bytes,jvm_heap_committed_peak_bytes,gc_pause_count,gc_pause_total_seconds,tomcat_busy_threads_median,tomcat_busy_threads_peak,db_pool_pending_median,db_pool_pending_peak,db_wait_mean_ms,probe_p50_ms,probe_p95_ms,probe_p99_ms,k6_cpu_mean_percent_of_one_core,k6_cpu_peak_percent_of_one_core,k6_rss_peak_bytes,server_throughput_peak_rps,ep_get_users_p95_ms,ep_get_products_p95_ms,ep_post_users_p95_ms,ep_post_orders_p95_ms
boot-t200_load_rep1,boot-t200,load,1,java,0,0,213.78682279586792,215.63129496574402,2026-09-23T00:02:41,2009.0,100.0,0.0,10055.0,933,0,450.0,200.0,20.0,,72.69999999999999,9.2405,2587.76775,3897.1140499999997,7400.819,3.149973699652778,2262.035773721154,3644.1749929622015,318.20931741939336,37.67701651403419,8036.0,0.0,1237843968.0,1134349516.8000002,107.43211538461537,69009480.0,172497336.0,132120576.0,249561088.0,56.0,0.448,1.0,64.0,0.0,43.0,336.7157907598328,3.389,204.34719999999984,1880.0251999999991,2.3754620209741404,3.9055032620902983,80838656.0,79.8,1698.7445999999995,11.506199999999994,3688.4085999999998,18.177999999999997
boot-t200_load_rep2,boot-t200,load,2,java,0,0,213.97468519210815,217.50966095924377,2026-09-23T00:51:55,1982.0,100.0,0.0,9920.0,927,0,450.0,200.0,20.0,,73.2,9.297,2689.0705,4084.47441,10089.418,3.0864203140794224,2324.2312721851854,3793.887775599994,327.7964157112903,37.124681608910834,7928.0,0.0,1108344832.0,1083493580.8,102.38320754716983,66035320.0,116366968.0,105906176.0,132120576.0,98.0,0.61,1.0,58.0,0.0,37.0,357.0260623177123,3.586,194.36559999999994,1578.7971,2.3078970768583775,3.6235925255386956,80478208.0,80.2,1788.8619999999999,12.830399999999996,3803.7833999999993,18.59595
boot-t200_load_rep3,boot-t200,load,3,java,0,0,214.9571487903595,218.39248204231262,2026-09-23T02:43:59,2014.0,100.0,0.0,10080.0,957,0,450.0,200.0,20.0,,75.38000000000001,8.575,2496.545,3694.91685,8478.433,3.06533525,2172.7211684807694,3512.6696791000063,302.7030219167659,37.560498407112696,8056.0,0.0,1180591718.4,1132357222.4,103.93830188679244,67759896.0,120009096.0,125829120.0,141557760.0,66.0,0.427,1.0,68.0,0.0,48.0,312.4418316391347,3.674,184.37839999999997,1684.4294399999885,2.3757063375035545,3.894745492558134,81559552.0,85.2,1593.4452,11.896199999999999,3589.9969,18.4671
boot-t200_load_rep4,boot-t200,load,4,java,0,0,212.602135181427,214.44841384887695,2026-09-23T03:31:36,2027.0,100.0,0.0,10145.0,942,0,450.0,200.0,20.0,,79.2,7.7645,2590.9784999999997,3799.3365999999996,9202.476,2.8550619809027777,2249.8246645046875,3617.011700105808,306.322905388763,38.225801023004095,8108.0,0.0,1106771968.0,1076835123.2,106.75961538461539,65985540.0,118627824.0,105906176.0,128974848.0,73.0,0.455,1.0,52.0,0.0,29.0,323.0944558060429,3.281,193.6597999999999,1289.4621000000006,2.4090233517331305,3.897943139483618,81854464.0,86.6,1588.0038,10.620299999999997,3597.0344,16.792199999999987
boot-t200_load_rep5,boot-t200,load,5,java,0,0,213.250981092453,217.01436305046082,2026-09-23T04:19:38,2012.0,100.0,0.0,10070.0,939,0,450.0,200.0,20.0,,73.98,8.4875,2584.5657499999998,3793.609,7894.752,3.009326,2269.6288808333334,3596.654348538292,315.27984957924525,37.823560871315735,8048.0,0.0,1099746508.8000002,1061263769.6,104.65320754716981,66039952.0,107453624.0,96468992.0,121634816.0,121.0,0.655,1.0,66.0,0.0,45.0,326.58585976614484,3.292,203.69579999999198,1483.5756800000001,2.3656892319957255,3.8886268227196568,78675968.0,84.4,1787.32935,11.5122,3603.6401,17.38505
boot-t64_load_rep1,boot-t64,load,1,java,0,0,213.0149199962616,214.8705871105194,2026-09-23T00:19:09,2008.0,100.0,0.0,10050.0,933,0,450.0,64.0,20.0,,73.8,9.119,2595.04,3993.2895399999998,10598.521,3.140307007751938,2258.0889968229167,3703.032698269231,318.0451984711443,37.792514568574425,8032.0,0.0,1138753536.0,1099222220.8000002,108.34596153846155,70292588.0,114608904.0,119537664.0,132120576.0,80.0,0.758,1.0,57.0,0.0,37.0,337.11541959197655,3.586,190.32479999999995,1457.1099199999944,2.423075740831251,3.8478595596359453,77758464.0,85.6,1686.7673,11.3599,3684.2089499999997,18.481449999999995
boot-t64_load_rep2,boot-t64,load,2,java,0,0,214.77317667007446,217.34958577156067,2026-09-23T01:08:21,2010.0,100.0,0.0,10060.0,936,0,450.0,64.0,20.0,,72.66,8.812999999999999,2584.3775,3696.8805899999998,7501.769,3.134369592057762,2233.564215088608,3492.643541924997,312.80438833200805,37.52310401122542,8040.0,0.0,1082969292.8,1045954559.9999999,104.54452830188679,62828736.0,88695976.0,90177536.0,98566144.0,116.0,0.57,1.0,58.0,0.0,33.0,326.3992701001245,3.3434999999999997,187.58024999999998,1440.7431999999983,2.4135802045241697,4.1496387530406516,80412672.0,89.0,1675.6199499999993,10.922799999999993,3495.1009999999997,18.506849999999996
boot-t64_load_rep3,boot-t64,load,3,java,0,0,213.41735410690308,215.26282382011414,2026-09-23T01:56:10,2051.0,100.0,0.0,10265.0,954,0,450.0,64.0,20.0,,74.14,7.3685,2605.891649999999,4087.6180600000002,7999.415,2.7438801280864196,2268.5090341009613,3812.9019537156273,298.49253519688256,38.52934160587666,8204.0,0.0,1148400435.2,1097701785.6,103.74288461538463,69900488.0,127588472.0,104857600.0,159383552.0,100.0,0.635,1.0,64.0,0.0,40.0,335.87503835194053,3.35,175.62014999999968,1383.5900400000003,2.4648889334902657,4.136827646705086,80707584.0,94.2,1781.5574999999997,11.437,3788.8955,16.83449999999999
boot-t64_load_rep4,boot-t64,load,4,java,0,0,214.07416892051697,215.94984197616577,2026-09-23T03:48:02,2020.0,100.0,0.0,10110.0,957,0,450.0,64.0,20.0,,74.74,7.9445,2588.53295,4022.349909999994,8581.661,2.896596478723404,2273.494768239645,3772.8797834108664,306.66737670039555,37.83038385015669,8080.0,0.0,1090414182.4,1047579852.8000001,102.4853846153846,64240280.0,102992280.0,95420416.0,111149056.0,91.0,0.621,1.0,64.0,0.0,38.0,327.93734632344285,3.473,190.65599999999978,1473.2137999999884,2.3472106331720988,3.899140977568553,83705856.0,87.0,1701.0481499999999,10.659899999999997,3794.5237,16.44705
boot-t64_load_rep5,boot-t64,load,5,java,0,0,215.05173897743225,218.43317008018494,2026-09-23T04:36:07,2052.0,100.0,0.0,10270.0,963,0,450.0,64.0,20.0,,73.94,7.778499999999999,2585.5359499999995,3898.0589800000002,6990.983,2.862490224137931,2213.5415891308726,3688.0366313468026,291.6318419221032,38.25770442838662,8208.0,0.0,1108869120.0,1076048691.2,105.17188679245284,66707192.0,104888048.0,100663296.0,113246208.0,89.0,0.55,1.0,58.0,0.0,36.0,324.27494854945587,3.357,161.09039999999845,1624.2136599999997,2.3809311414841483,4.074790863364684,80789504.0,99.4,1797.1660499999998,11.25875,3687.6363499999998,17.598399999999998
boot-vt_load_rep1,boot-vt,load,1,java,0,0,212.66147708892822,214.5014832019806,2026-09-23T00:35:44,2531.0,100.0,0.0,12665.0,1035,0,450.0,,20.0,,101.24,7.504,778.7979,1080.36909,1582.312,3.0463650625,636.7057021342592,919.7285108595895,91.27289440181602,47.708876402333004,10124.0,0.0,1102577664.0,1063308492.8,92.06826923076922,69055048.0,102716992.0,105906176.0,122683392.0,124.0,0.349,,,0.0,9.0,23.42859194322156,3.044,257.4212999999993,789.2227199999995,2.555446386098777,3.8957278682078123,80773120.0,122.0,664.5179999999991,6.496499999999999,1018.324999999999,19.248
boot-vt_load_rep2,boot-vt,load,2,java,0,0,212.91533827781677,216.68335795402527,2026-09-23T01:24:51,2457.0,100.0,0.0,12295.0,1026,0,450.0,,20.0,,96.4,7.0405,1066.0911499999997,1654.96969,2521.672,2.987195311145511,669.8973568949705,1274.200340955595,101.3675519928426,46.2607921372695,9828.0,0.0,1090519040.0,1058222899.2,87.75981132075472,62996636.0,100347392.0,110100480.0,114294784.0,112.0,0.426,,,0.0,0.0,52.7308108305435,3.0095,201.093,989.7365,2.5521455242012427,4.142586006838389,81575936.0,109.8,1211.1787999999947,11.029199999999996,1522.317,18.3992
boot-vt_load_rep3,boot-vt,load,3,java,0,0,214.2089021205902,217.8366379737854,2026-09-23T02:12:40,2481.0,100.0,0.0,12415.0,1029,0,450.0,,20.0,,101.17999999999999,7.0665,968.83495,1713.7298499999993,2534.994,2.908073188581315,726.9210128493853,1221.426515816668,102.10418566725733,46.42758624251626,9924.0,0.0,1056335462.4,1026818048.0,85.89943396226418,63315040.0,95124200.0,100663296.0,103809024.0,136.0,0.346,,,0.0,3.0,59.502923063081695,3.082,109.47379999999971,1020.9711600000006,2.5852893193101925,4.139532145667435,80855040.0,114.0,1146.461,7.7,1553.996,19.422
boot-vt_load_rep4,boot-vt,load,4,java,0,0,212.54296970367432,215.61066699028015,2026-09-23T03:00:19,2537.0,100.0,0.0,12695.0,1017,0,450.0,,20.0,,102.53999999999999,5.958,836.2696499999972,1283.5404099999998,2431.751,2.678746982142857,662.3682776737287,1073.4253210560375,96.04463463150849,47.86035491650778,10148.0,0.0,1141794406.3999999,1108973977.6,88.82075471698113,64637504.0,135744616.0,98566144.0,159383552.0,77.0,0.196,,,0.0,21.0,51.938381467391295,2.962,192.30599999999995,1110.0210000000075,2.589556581904801,4.137295955656655,83689472.0,118.0,746.2453999999977,4.960399999999999,1216.5149999999999,17.4042
boot-vt_load_rep5,boot-vt,load,5,java,0,0,214.20532298088074,216.75137901306152,2026-09-23T04:52:42,2516.0,100.0,0.0,12590.0,1029,0,450.0,,20.0,,106.29999999999998,9.6555,767.7513,977.7755099999998,1565.307,3.2420970905349793,665.7273243161158,837.5789431741578,96.62027319817314,47.094540155507815,10064.0,0.0,1115370291.2,1090676326.4,86.00320754716982,69797896.0,102211192.0,108003328.0,120586240.0,32.0,0.159,,,0.0,7.0,24.56247558918097,3.249,279.93699999999995,754.46392,2.4867849493676997,4.147475343831077,83722240.0,118.2,625.82275,8.381499999999997,904.01825,23.772249999999996
vapor_load_rep1,vapor,load,1,swift,0,0,213.42417311668396,217.1678659915924,2026-09-22T23:37:25,2455.0,100.0,0.0,12285.0,1191,0,450.0,,,54218752.0,90.78,5.1259999999999994,1288.4372499999995,2297.01383,3988.259,2.456711866336634,992.0005291333333,2097.492406327716,126.63266583329263,46.11391466806988,9820.0,0.0,49429872.64,39898316.8,82.10301886792453,,,,,,,,,,,,2.015,88.5615,191.0926999999995,2.814499346931086,4.366406393141971,82690048.0,106.2,477.7798,11.447199999999999,2193.5664,17.1899
vapor_load_rep2,vapor,load,2,swift,0,0,214.34697914123535,217.34689474105835,2026-09-23T01:40:51,2473.0,100.0,0.0,12375.0,1197,0,450.0,,,54538240.0,90.96,5.008,1104.6250999999995,2490.07086,3788.244,2.393310294871795,863.2379492371796,2127.942368612069,119.40125845737373,46.24953575134933,9892.0,0.0,50824478.72,41859153.92,82.3720754716981,,,,,,,,,,,,2.042,86.8104,198.5707999999997,2.6882040480840574,4.581362325024344,84246528.0,101.6,486.7118,9.862999999999998,2292.6324,14.969999999999994
vapor_load_rep3,vapor,load,3,swift,0,0,213.9169180393219,215.77028489112854,2026-09-23T02:28:40,2534.0,100.0,0.0,12680.0,1206,0,450.0,,,53829632.0,97.38000000000001,3.937,1096.03,2098.9784,3398.147,2.1154315962343095,715.827881,1955.449051732695,100.43482020362775,47.483003335751256,10136.0,0.0,62862131.2,52082769.92,81.11730769230769,,,,,,,,,,,,1.8385,74.519,196.71775000000008,2.7996423206540886,5.028254924562804,83509248.0,112.6,495.39174999999994,8.464999999999991,1999.0048499999994,13.2287
vapor_load_rep4,vapor,load,4,swift,0,0,212.9952518939972,214.89299297332764,2026-09-23T03:16:16,2459.0,100.0,0.0,12305.0,1188,0,450.0,,,53850112.0,92.67999999999999,4.952999999999999,1201.3555000000001,2296.21035,3704.246,2.3528931932234434,954.565735375,2124.9276121765656,122.42232246989026,46.288358600638915,9836.0,0.0,61425582.08,52061798.4,80.21211538461539,,,,,,,,,,,,1.9135,87.1890999999999,217.44881999999208,2.7127902352752225,4.370187791810241,84656128.0,103.8,494.69249999999994,8.668299999999995,2205.9657999999913,13.580199999999996
vapor_load_rep5,vapor,load,5,swift,0,0,213.8816180229187,215.7800829410553,2026-09-23T04:04:22,2457.0,100.0,0.0,12295.0,1191,0,450.0,,,54034432.0,91.38000000000001,5.458,1199.22545,2193.0978099999998,3593.143,2.476504940763052,971.8002613035715,1987.8604206343725,123.36814360601869,46.05087441768639,9828.0,0.0,50740592.64,39484129.28,84.45230769230768,,,,,,,,,,,,2.145,86.58449999999999,281.474,2.7361255963361026,4.374088515165071,84574208.0,95.6,399.07460000000003,10.735399999999998,2092.9204,15.563599999999994
boot-t200_soak_rep1,boot-t200,soak,1,java,0,0,241.766019821167,243.63484597206116,2026-09-23T00:14:53,6173.0,30.0,0.0,6183.0,1395,0,450.0,200.0,5.0,,37.0,2.123,120.36539999999998,196.87651999999997,482.396,1.158816479957806,120.6528928703487,194.5563557259184,22.705559959243082,25.57776304997318,6173.0,0.0,1047107993.6,1026975334.4,49.47474576271186,62369208.0,103905160.0,94371840.0,113246208.0,49.0,0.17099999999999999,1.0,6.0,0.0,0.0,0.25510050835987264,5.442,10.632599999999998,20.804759999999956,1.785340188083419,2.4331534608722305,51511296.0,37.2,,4.7376,196.59224999999998,
boot-t200_soak_rep2,boot-t200,soak,2,java,0,0,241.6432921886444,243.46949815750122,2026-09-23T01:04:07,6180.0,30.0,0.0,6190.0,1392,0,450.0,200.0,5.0,,36.86,1.741,122.5902,192.08194999999998,408.0,0.9656786271450858,122.7697444882353,189.51674597205894,22.300007866235863,25.62771777178058,6180.0,0.0,1103311667.2,1082130432.0,47.99779661016947,68429936.0,112988272.0,112197632.0,124780544.0,43.0,0.303,1.0,7.0,0.0,0.0,0.3528742951807229,5.8454999999999995,10.67535,20.33013999999952,1.719228043813219,2.422649635568991,58736640.0,37.2,,4.537,191.76414999999997,
boot-t200_soak_rep3,boot-t200,soak,3,java,0,0,241.77536177635193,243.60381412506104,2026-09-23T02:56:08,6141.0,30.0,0.0,6151.0,1392,0,450.0,200.0,6.0,,36.8,2.385,160.343,294.50459999999987,1180.876,1.2871757965641952,155.51107378207539,339.2576768774997,28.125444293773377,25.452854189231847,6141.0,0.0,1104569958.4,1087583027.1999998,47.58372881355932,70310776.0,116979720.0,128974848.0,132120576.0,41.0,0.31,1.0,7.0,0.0,0.0,0.6927488350141185,5.574,10.5166,21.028589999999873,1.8345379651114964,2.4318764469021996,55787520.0,37.0,,4.4571,292.986,
boot-t200_soak_rep4,boot-t200,soak,4,java,0,0,241.28423404693604,243.13464498519897,2026-09-23T03:43:48,6180.0,30.0,0.0,6190.0,1392,0,450.0,200.0,3.0,,36.86,1.3319999999999999,110.08854999999998,179.88384999999994,303.87,0.8093619246861925,111.7958041783402,177.65953098200015,21.324703979159935,25.661441616522666,6180.0,0.0,1096600780.8,1080138137.6,48.468983050847456,70209720.0,115298488.0,126877696.0,130023424.0,66.0,0.20199999999999999,1.0,4.0,0.0,0.0,0.26568494237695073,5.776,10.75515,25.29554999999997,1.6205749910524982,2.1865294271825113,54132736.0,37.2,,4.388249999999999,179.48379999999997,
boot-t200_soak_rep5,boot-t200,soak,5,java,0,0,241.33404517173767,243.17499804496765,2026-09-23T04:31:50,6135.0,30.0,0.0,6145.0,1386,0,450.0,200.0,8.0,,36.6,2.917,177.59999999999997,306.6528599999998,746.206,1.5977908643410852,174.36944906835936,336.8001581359652,28.63850291228641,25.472219660929753,6135.0,0.0,1089260748.8,1068498944.0,47.51830508474576,65462560.0,125443368.0,101711872.0,150994944.0,9.0,0.112,1.0,9.0,0.0,0.0,0.37464335490353695,5.8675,10.673,49.57280000000001,1.845787746887414,2.606363225363009,53346304.0,37.0,,4.657,304.62474999999995,
boot-t64_soak_rep1,boot-t64,soak,1,java,0,0,241.49006271362305,243.51000905036926,2026-09-23T00:31:33,6173.0,30.0,0.0,6183.0,1389,0,450.0,64.0,3.0,,37.2,1.96,132.98499999999993,192.37663999999998,469.622,1.0489542738095239,130.44951108154748,194.6345696454217,23.079589998544392,25.61197040016324,6173.0,0.0,1091357900.8000002,1066611507.2,44.95084745762711,66715968.0,122687280.0,100663296.0,160432128.0,36.0,0.18,1.0,4.0,0.0,0.0,0.3496721827655311,5.97,10.8994,36.361439999999966,1.7537836760833796,2.42367592173331,52543488.0,37.2,,4.6788,192.2274,
boot-t64_soak_rep2,boot-t64,soak,2,java,0,0,241.59423685073853,243.40701413154602,2026-09-23T01:20:38,6180.0,30.0,0.0,6190.0,1392,0,450.0,64.0,6.0,,36.8,1.5635,115.47004999999997,180.87192,331.123,0.8850443237060337,115.692884609375,180.22659613783807,21.86021952423263,25.632992757547214,6180.0,0.0,1014706995.2,994784051.1999999,49.71135593220339,60020480.0,100192856.0,95420416.0,110100480.0,51.0,0.354,1.0,5.0,0.0,0.0,0.4199897050561798,5.6945,10.837449999999999,25.11879999999985,1.6252380680907055,2.428424706370947,52166656.0,37.0,,4.77945,180.74724999999998,
boot-t64_soak_rep3,boot-t64,soak,3,java,0,0,241.28870296478271,243.12990713119507,2026-09-23T02:08:25,6180.0,30.0,0.0,6190.0,1392,0,450.0,64.0,5.0,,36.8,1.5865,108.42409999999992,181.45686999999995,354.502,0.9121721190686708,111.7628930208867,179.6220117864867,21.253944982714053,25.666229490761822,6180.0,0.0,1059900620.8,1039348531.2,48.18220338983051,61441800.0,116837608.0,104857600.0,132120576.0,10.0,0.074,1.0,7.0,0.0,0.0,0.4071834720321932,5.666,10.73075,26.141969999999958,1.7006911556806348,2.411067157322171,52297728.0,37.0,,4.612349999999999,181.19079999999997,
boot-t64_soak_rep4,boot-t64,soak,4,java,0,0,241.13789701461792,243.11137580871582,2026-09-23T04:00:17,6189.0,30.0,0.0,6199.0,1392,0,450.0,64.0,4.0,,37.0,1.393,104.39339999999994,169.44531999999998,297.348,0.8512771216698709,111.66612376104433,165.6470445050001,20.243017474915305,25.71793470116234,6189.0,0.0,1110861414.4,1086953881.6,47.97491525423729,64221408.0,129974960.0,113246208.0,155189248.0,34.0,0.18,1.0,5.0,0.0,0.0,0.22291308723747982,5.902,10.500200000000001,14.771839999999985,1.6727314815566179,2.184644841247102,56131584.0,37.2,,4.3401,169.24839999999998,
boot-t64_soak_rep5,boot-t64,soak,5,java,0,0,241.51153302192688,245.0639510154724,2026-09-23T04:48:30,6180.0,30.0,0.0,6190.0,1392,0,450.0,64.0,6.0,,37.0,1.5255,116.63034999999999,189.64132999999995,294.238,0.878512631280159,116.04240993750001,190.4400411133335,22.175951270597746,25.6354292849255,6180.0,0.0,1107086540.8,1083336294.4,45.27283333333334,66874424.0,122724368.0,124780544.0,138412032.0,44.0,0.253,1.0,7.0,0.0,0.0,0.28706020860128617,5.795,10.69815,28.141659999999977,1.628049579797806,2.1930903199445404,55050240.0,37.2,,4.476249999999999,189.4783,
boot-vt_soak_rep1,boot-vt,soak,1,java,0,0,241.53017687797546,243.38286089897156,2026-09-23T00:47:39,5914.0,30.0,0.0,5924.0,1311,0,450.0,,20.0,,36.4,4.643000000000001,455.51775,741.84766,1123.002,2.2891739938271605,434.2477990000001,712.3721602000004,64.41838669935855,24.52859790432454,5914.0,0.0,1112224563.2,1061473484.8000001,44.631016949152546,66164184.0,116960896.0,118489088.0,137363456.0,40.0,0.173,,,0.0,0.0,9.383693471077821,6.626,29.861,310.59860000000094,1.5906137694056068,2.1824984818841666,54132736.0,37.0,,8.065299999999999,741.8365,
boot-vt_soak_rep2,boot-vt,soak,2,java,0,0,241.11143398284912,243.67511010169983,2026-09-23T01:36:44,6057.0,30.0,0.0,6067.0,1320,0,450.0,,7.0,,36.4,3.915,256.18379999999996,281.62203999999997,528.496,1.9793436886792453,267.5737311599603,279.1875428040983,40.48727954029998,25.17019238853382,6057.0,0.0,1083074150.3999999,1067135795.2,41.61966101694915,64980152.0,102019976.0,106954752.0,125829120.0,14.0,0.11699999999999999,,,0.0,0.0,9.036581711788617,6.051500000000001,86.83389999999976,224.17915999999994,1.735412421616395,2.4048693411760587,54099968.0,36.8,,6.158,281.58025,
boot-vt_soak_rep3,boot-vt,soak,3,java,0,0,241.24444699287415,243.0791528224945,2026-09-23T02:24:35,6074.0,30.0,0.0,6084.0,1344,0,450.0,,7.0,,36.6,3.178,253.87179999999995,338.61627,549.0,1.6383318049535602,268.00519576272285,342.900148451948,37.46929137984878,25.225753046871443,6074.0,0.0,1102472806.4,1078145843.2,47.173050847457624,67306904.0,117048776.0,110100480.0,135266304.0,40.0,0.257,,,0.0,0.0,7.78472586446281,6.4845,19.22819999999994,209.51275999999984,1.779303002441668,2.4267550896544057,51331072.0,37.2,,6.184399999999998,338.4934,
boot-vt_soak_rep4,boot-vt,soak,4,java,0,0,240.85779213905334,243.5775420665741,2026-09-23T03:12:12,6043.0,30.0,0.0,6053.0,1338,0,450.0,,7.0,,36.4,3.421,264.6838,395.61694,681.561,1.7811371597938144,268.2637753458996,355.03564293571446,41.7973276507517,25.134838864844628,6043.0,0.0,1023515033.5999999,999083212.8,46.47186440677965,61526064.0,98719040.0,95420416.0,108003328.0,15.0,0.10200000000000001,,,0.0,0.0,10.752298893976896,6.4535,13.73084999999995,231.35876999999948,1.6745422978148787,2.184203174844175,53248000.0,36.8,,6.09105,395.5315,
boot-vt_soak_rep5,boot-vt,soak,5,java,0,0,241.66660404205322,243.47054600715637,2026-09-23T05:04:40,5940.0,30.0,0.0,5950.0,1335,0,450.0,,13.0,,36.6,4.258,449.7603,697.83278,809.636,2.1584841395348837,405.1737042042254,683.2055166770834,58.31648154336135,24.62767046143689,5940.0,0.0,1026870476.8000001,1009149542.4,45.04389830508474,62980600.0,96729176.0,93323264.0,105906176.0,16.0,0.12000000000000001,,,0.0,0.0,10.76137478839733,6.602,14.899399999999996,222.00658000000055,1.6496671023064962,2.1983947977540104,52674560.0,37.2,,8.357499999999998,697.712,
vapor_soak_rep1,vapor,soak,1,swift,0,0,240.78654599189758,242.66482305526733,2026-09-22T23:48:37,6173.0,30.0,0.0,6183.0,1410,0,450.0,,,49061888.0,30.0,3.457,124.63279999999985,267.86591999999996,357.67,1.960091069796954,124.51090931607101,258.6712484114286,22.59544920718098,25.687732549299184,6173.0,0.0,39527120.896,37396414.464,35.73542372881356,,,,,,,,,,,,2.8655,5.759449999999999,34.203750000000454,1.7836361234981293,2.65764038408167,53575680.0,30.0,,5.6829,267.55035,
vapor_soak_rep2,vapor,soak,2,swift,0,0,241.79204392433167,243.70626711845398,2026-09-23T01:52:04,6201.0,30.0,0.0,6211.0,1413,0,450.0,,,49041408.0,30.0,2.935,89.775,183.089,364.05,1.7048209957770268,88.93001503325925,183.01293449184232,18.725796795041052,25.69344509665668,6201.0,0.0,39631978.496,37621858.304,35.74762711864407,,,,,,,,,,,,2.946,5.7264,36.917279999999735,1.7499426188612182,2.4379105865481856,52903936.0,30.0,,5.22365,183.08419999999998,
vapor_soak_rep3,vapor,soak,3,swift,0,0,240.74926614761353,242.64431476593018,2026-09-23T02:39:49,6187.0,30.0,0.0,6197.0,1410,0,450.0,,,49180672.0,30.0,3.696,93.35719999999999,191.62396,393.741,2.0885805575692964,95.27173380792678,193.87803881702374,20.414448005970627,25.75109861295601,6187.0,0.0,54906585.088,37262196.736,35.82220338983051,,,,,,,,,,,,2.9465000000000003,5.6281,12.903380000000034,1.8002321277864268,2.4678397999700157,55672832.0,30.0,,5.478899999999996,191.28599999999994,
vapor_soak_rep4,vapor,soak,4,swift,0,0,240.90579414367676,242.91245484352112,2026-09-23T03:27:30,6180.0,30.0,0.0,6190.0,1407,0,450.0,,,49070080.0,30.0,3.759,104.70534999999997,223.52038,303.989,2.1932149534883716,103.04208127027027,210.42356920666722,21.707584334087237,25.701551183851084,6180.0,0.0,39827013.632,37504417.792,37.3771186440678,,,,,,,,,,,,3.021,5.7985,29.473000000000074,1.8155843958260738,2.414991021018632,53018624.0,30.0,,5.28265,220.93219999999974,
vapor_soak_rep5,vapor,soak,5,swift,0,0,241.68256998062134,243.57366013526917,2026-09-23T04:15:28,6175.0,30.0,0.0,6185.0,1413,0,450.0,,,48852992.0,30.0,3.198,98.39169999999996,236.67893999999953,469.466,1.8381058758865247,98.61174454861111,238.096654518749,21.849701733872276,25.602163507613984,6175.0,0.0,39442186.24,37388025.856,37.512542372881356,,,,,,,,,,,,2.974,5.7174,25.34099999999977,1.7396376333905363,2.4369102983952953,53919744.0,30.0,,5.2623999999999995,234.01514999999992,
boot-t200_spike_rep1,boot-t200,spike,1,java,0,0,151.25502181053162,153.09383392333984,2026-09-23T00:10:11,32333.0,200.0,0.0,64676.0,873,0,450.0,200.0,0.0,,984.22,3.297,17.992749999999997,56.368099999999984,837.896,1.0651462506821283,4.529918673299746,10.055658481842086,2.1668651788143976,428.96569886363824,64666.0,0.0,1152280166.4,1108554547.2,48.55081081081081,78618232.0,121047528.0,114294784.0,132120576.0,129.0,0.75,1.0,4.0,0.0,0.0,17.737271829113926,5.675,10.965,19.621319999999997,13.126510202490254,28.604030392425884,128663552.0,1004.8,22.305,12.358199999999995,,
boot-t200_spike_rep2,boot-t200,spike,2,java,0,0,150.8706350326538,152.73994421958923,2026-09-23T00:59:25,32421.0,200.0,0.0,64852.0,873,0,450.0,200.0,1.0,,990.3199999999999,3.098,14.968949999999996,22.547359999999998,971.409,0.9947541184771604,4.338516797340792,8.86704862927443,2.4938925089588606,431.07801941077,64842.0,0.0,1060634624.0,1047107993.6,51.2891891891892,66992608.0,97862312.0,103809024.0,109051904.0,158.0,0.75,1.0,2.0,0.0,0.0,47.62748424229979,5.69,10.3972,14.94795999999998,13.644733932866139,28.458929217905947,129597440.0,1007.0,17.552,11.102,,
boot-t200_spike_rep3,boot-t200,spike,3,java,0,0,150.8179121017456,152.64802312850952,2026-09-23T02:51:27,32548.0,200.0,0.0,65106.0,876,0,450.0,200.0,1.0,,990.74,3.498,16.44925,24.510299999999997,40.585,1.077552581697095,4.04435024642857,8.365831483709686,1.5508368478942034,432.9894542829625,65096.0,0.0,1119145164.8000002,1105408819.2,49.40081081081081,72530368.0,130176504.0,103809024.0,149946368.0,151.0,0.745,1.0,5.0,0.0,0.0,0.18100457807308967,5.893,10.339500000000001,18.096,13.567640356343281,28.630116086876306,127647744.0,1006.6,19.51219999999999,11.853299999999997,,
boot-t200_spike_rep4,boot-t200,spike,4,java,0,0,150.91340374946594,154.87901210784912,2026-09-23T03:39:08,32562.0,200.0,0.0,65134.0,876,0,450.0,200.0,1.0,,987.68,3.533,15.309,23.123619999999995,71.873,1.0865883286065863,4.064983757540261,8.163174636143774,1.5660240428194185,432.8591428466411,65124.0,0.0,1124597760.0,1112172134.4,46.55657894736842,78418024.0,126430712.0,128974848.0,137363456.0,101.0,0.652,1.0,6.0,0.0,0.0,1.1673818843612334,5.7065,10.294500000000001,12.754999999999999,13.350163906406333,29.552454160510443,133529600.0,993.4,18.09364999999999,11.978849999999994,,
boot-t200_spike_rep5,boot-t200,spike,5,java,0,0,151.08822679519653,152.90621519088745,2026-09-23T04:27:09,32581.0,200.0,0.0,65172.0,876,0,450.0,200.0,0.0,,983.94,3.166,14.379849999999992,21.65384999999999,338.873,1.1020347676570872,4.499873486853059,9.303867764881884,1.8063675327134354,432.7089073708299,65162.0,0.0,1067660083.1999999,1056964608.0,48.03432432432432,64622776.0,107515968.0,95420416.0,117440512.0,122.0,0.71,1.0,3.0,0.0,0.0,4.811934774364406,5.7935,10.600999999999999,15.202,13.532255663731332,28.88142015975907,128696320.0,1005.6,17.149,10.36,,
boot-t64_spike_rep1,boot-t64,spike,1,java,0,0,150.90799808502197,154.62046694755554,2026-09-23T00:26:51,32509.0,200.0,0.0,65028.0,873,0,450.0,64.0,0.0,,986.8199999999999,3.53,14.835,22.43049,501.112,1.0796533315217391,3.86587555609756,7.619472969021283,1.797333436412007,432.3689261244776,65018.0,0.0,1192964915.2,1177078988.8000002,46.46368421052631,78461920.0,132387496.0,143654912.0,146800640.0,88.0,0.46399999999999997,1.0,8.0,0.0,0.0,16.822226863684772,5.724,10.408199999999999,14.255279999999983,12.422317474971868,27.910605386386706,129122304.0,1001.4,17.201,12.257799999999996,,
boot-t64_spike_rep2,boot-t64,spike,2,java,0,0,150.9552140235901,152.80453300476074,2026-09-23T01:15:56,32581.0,200.0,0.0,65172.0,876,0,450.0,64.0,0.0,,986.6600000000001,3.326,14.424,22.601509999999994,202.248,1.0272998900427612,3.7734235152253324,7.9067281886666585,1.5617964145798808,433.0136571013612,65162.0,0.0,1091462758.4,1084647014.4,47.239459459459454,71469320.0,121573376.0,103809024.0,133169152.0,95.0,0.524,1.0,5.0,0.0,0.0,4.22385846585903,5.8825,10.255,12.969999999999999,13.838506547115742,28.537819909454438,130957312.0,1001.6,16.538,11.353,,
boot-t64_spike_rep3,boot-t64,spike,3,java,0,0,150.8348479270935,152.67498207092285,2026-09-23T02:03:45,32440.0,200.0,0.0,64890.0,873,0,450.0,64.0,0.0,,986.98,3.595,16.39605,25.709,634.22,1.0707284436509708,4.051084011644833,9.057024949999988,2.028878966142703,431.3654028777338,64880.0,0.0,1124597760.0,1094608486.4,46.96054054054054,71270728.0,105180256.0,118489088.0,176160768.0,116.0,0.734,1.0,12.0,0.0,0.0,23.43887401936799,5.993,10.1778,13.884839999999999,13.30825467768253,28.3715928377353,129843200.0,999.6,19.687249999999995,11.915,,
boot-t64_spike_rep4,boot-t64,spike,4,java,0,0,151.0758707523346,152.89997100830078,2026-09-23T03:55:37,32451.0,200.0,0.0,64912.0,876,0,450.0,64.0,0.0,,987.1600000000001,3.292,15.894,26.983729999999987,885.547,1.0332929895126466,3.8134606890862917,8.922352617058804,2.140803312053241,430.92780445430833,64902.0,0.0,1078040985.6,1068918374.4,44.67162162162161,65698072.0,120701168.0,92274688.0,136314880.0,94.0,0.579,1.0,12.0,0.0,0.0,31.442110622489956,5.9085,10.65775,17.358999999999998,13.615468881564793,28.49043081354152,131973120.0,1005.2,18.524999999999984,11.175499999999996,,
boot-t64_spike_rep5,boot-t64,spike,5,java,0,0,151.20853805541992,154.75875401496887,2026-09-23T04:43:47,32496.0,200.0,0.0,65002.0,873,0,450.0,64.0,0.0,,984.64,3.11,14.480449999999998,24.404689999999977,855.593,0.9803336048019788,3.6964741845637556,8.38330565048325,1.9829037694686313,431.1066133712619,64992.0,0.0,1060949196.8,1046793420.8,51.02184210526316,63397592.0,108120984.0,97517568.0,118489088.0,118.0,0.76,1.0,18.0,0.0,0.0,24.65690052464066,5.78,10.934,16.69608,13.305680407680208,29.185325987413464,127844352.0,1002.6,17.172,10.689249999999998,,
boot-vt_spike_rep1,boot-vt,spike,1,java,0,0,151.15578603744507,153.0168628692627,2026-09-23T00:43:00,32701.0,200.0,0.0,65412.0,876,0,450.0,,1.0,,1001.2,2.512,13.792949999999996,25.25465999999998,89.948,1.0498520436507937,7.0276910946596765,14.66395294499998,2.0709982150675716,434.2132617302595,65402.0,0.0,1119879168.0,1113168281.6000001,40.418648648648656,77271920.0,128934536.0,131072000.0,143654912.0,107.0,0.487,,,0.0,0.0,0.5391759480249481,5.8725000000000005,10.74375,14.98725,13.847618323231877,28.234912673380823,127942656.0,1006.6,17.712,7.988,,
boot-vt_spike_rep2,boot-vt,spike,2,java,0,0,151.10203289985657,152.94953274726868,2026-09-23T01:32:04,32675.0,200.0,0.0,65360.0,876,0,450.0,,1.0,,988.4200000000001,2.9565,14.65,21.169199999999986,47.274,1.2101996526268117,6.604822965517241,11.955317995555562,2.0365747029528767,433.83651287588265,65350.0,0.0,1099641651.2,1082812006.4,44.825945945945946,68717512.0,125975952.0,117440512.0,136314880.0,140.0,0.599,,,0.0,0.0,0.7275469933184855,5.9745,10.7745,14.016,13.62344367304462,29.03047837962337,129138688.0,1002.8,16.739499999999992,10.510599999999997,,
boot-vt_spike_rep3,boot-vt,spike,3,java,0,0,151.0278549194336,152.8637180328369,2026-09-23T02:19:55,32564.0,200.0,0.0,65138.0,873,0,450.0,,0.0,,995.36,2.561,14.220949999999991,28.260469999999977,514.425,1.1020384878218512,6.681691736973178,13.92193891801327,2.5387920839295033,432.53330235131807,65128.0,0.0,1109603123.2,1095027916.8,45.857837837837835,70435976.0,138027208.0,141557760.0,149946368.0,105.0,0.532,,,0.0,0.0,22.00039350584795,5.592,12.320799999999997,21.78395999999999,13.434320226807182,28.92625962873916,123043840.0,1006.6,16.89885,8.882249999999992,,
boot-vt_spike_rep4,boot-vt,spike,4,java,0,0,150.97701692581177,152.81439781188965,2026-09-23T03:07:32,32649.0,200.0,0.0,65308.0,873,0,450.0,,0.0,,990.0,2.754,13.800449999999993,21.407209999999996,225.74,1.150279606252902,6.5042021311326845,12.787964813333321,2.1582856228486555,433.82476798599896,65298.0,0.0,1107191398.4,1095552204.8000002,43.36108108108108,77517320.0,140224120.0,120586240.0,149946368.0,131.0,0.619,,,0.0,0.0,10.884124936373276,5.889,10.880999999999998,17.506159999999962,13.733138803992027,29.49604528915448,128761856.0,1006.2,16.706399999999995,8.875399999999994,,
boot-vt_spike_rep5,boot-vt,spike,5,java,0,0,150.88646292686462,152.7313380241394,2026-09-23T04:59:56,32819.0,200.0,0.0,65648.0,879,0,450.0,,1.0,,1006.24,2.286,11.384449999999992,18.520889999999998,37.021,0.9629477513421539,5.273011816242191,10.559023327596883,1.6590436765324155,436.3301579841166,65638.0,0.0,1113692569.6,1090623897.6,43.788918918918924,77321368.0,110781304.0,122683392.0,131072000.0,125.0,0.57,,,0.0,0.0,0.48148074673913044,5.853,10.380799999999995,13.89422,13.373844671697299,26.87454846649181,126566400.0,1007.2,13.517099999999997,7.011099999999999,,
vapor_spike_rep1,vapor,spike,1,swift,0,0,150.8280520439148,152.7102780342102,2026-09-22T23:44:11,32355.0,200.0,0.0,64720.0,888,0,450.0,,,55255040.0,966.52,4.556,15.866549999999997,41.67000999999999,149.571,2.6989538472906403,9.0507476336,22.045176129771054,3.879077381783066,430.4486110013352,64710.0,0.0,50794070.016,48375005.184,71.46756756756758,,,,,,,,,,,,3.037,7.2623999999999995,11.62211,12.833005762585707,26.57790674892686,128401408.0,986.2,19.377799999999993,12.037499999999993,,
vapor_spike_rep2,vapor,spike,2,swift,0,0,151.05997705459595,154.79348278045654,2026-09-23T01:47:37,32428.0,200.0,0.0,64866.0,891,0,450.0,,,55222272.0,974.0,4.293,15.533249999999997,43.05374999999999,97.044,2.6266885809935205,8.761986710492698,20.263464405084633,3.774920256837172,430.9678838554577,64856.0,0.0,50165972.992,48026877.95199999,69.825,,,,,,,,,,,,2.994,6.1785,11.671700000000044,12.460981133952272,27.047089632188026,128040960.0,993.8,19.222299999999997,12.19,,
vapor_spike_rep3,vapor,spike,3,swift,0,0,150.86039972305298,152.75380992889404,2026-09-23T02:35:24,32478.0,200.0,0.0,64966.0,888,0,450.0,,,54665216.0,971.26,4.323,13.738249999999997,31.190449999999988,86.367,2.6186591768538037,8.02760920617414,14.684462929074028,3.526055352907674,432.0109642834423,64956.0,0.0,50025463.808,47634710.528,71.85594594594595,,,,,,,,,,,,3.0655,6.779499999999999,12.30956,12.971384796348762,26.462695259647013,129515520.0,988.2,16.575149999999997,11.027,,
vapor_spike_rep4,vapor,spike,4,swift,0,0,150.85784912109375,152.7286250591278,2026-09-23T03:23:04,32436.0,200.0,0.0,64882.0,888,0,450.0,,,55894016.0,973.18,4.276,14.728899999999994,40.27333999999992,127.432,2.581140814814815,8.38132447287261,18.842392162200962,3.650805007706298,431.3590272957665,64872.0,0.0,50597986.304000005,47369420.8,71.53405405405405,,,,,,,,,,,,2.961,6.750349999999996,13.86785999999999,13.012639145894394,26.085022515065038,129662976.0,982.8,18.816499999999994,11.453999999999994,,
vapor_spike_rep5,vapor,spike,5,swift,0,0,151.1092128753662,152.9959180355072,2026-09-23T04:11:02,32474.0,200.0,0.0,64958.0,891,0,450.0,,,55140352.0,970.74,4.326,13.541,38.34968999999996,78.574,2.6301930584715336,7.773208241396646,13.912195379350633,3.516326489701038,431.2844416050143,64948.0,0.0,49798971.392000005,47819259.904,72.73513513513514,,,,,,,,,,,,3.004,6.0175,12.968900000000033,13.024832810255042,27.45918791551597,128352256.0,982.8,16.528699999999997,10.733399999999994,,
boot-t200_stress_rep1,boot-t200,stress,1,java,0,0,210.90105509757996,220.57905888557434,2026-09-23T00:06:59,2373.0,800.0,55.0,5413.0,189,12,450.0,200.0,20.0,,31.610000000000007,10747.142,33078.77279999999,41351.91912,50300.509,1841.430705614286,21810.55663081517,30000.0,5917.9306194250885,24.46995924946258,5149.0,0.010681685764226064,1151651020.8000002,1103940812.8,149.9842307692308,71670248.0,102118008.0,102236160.0,138412032.0,72.0,0.67,1.0,200.0,0.0,178.0,3172.6989821778943,5.973,2606.9581999999987,7607.710760000008,2.300427319655832,7.472976922374404,245334016.0,40.0,30038.398799999988,,36701.471,
boot-t200_stress_rep2,boot-t200,stress,2,java,0,0,211.01515913009644,221.49093198776245,2026-09-23T00:56:15,2413.0,800.0,51.0,5483.0,192,12,450.0,200.0,20.0,,34.25555555555555,9692.656,34432.19979999998,42875.17077999999,50400.652,1809.0529245625,22273.77319281535,30000.0,5888.179466418931,24.785304841712108,5215.0,0.00977948226270374,1113692569.6,1077726412.8,149.09942307692307,62713752.0,127397320.0,89128960.0,141557760.0,65.0,0.777,1.0,200.0,0.0,180.0,3509.3808761462583,5.902,1937.011549999985,6726.4512500000055,2.3673146697707095,7.732687161188704,251183104.0,37.0,32204.55585,,37262.20599999998,
boot-t200_stress_rep3,boot-t200,stress,3,java,0,0,210.79706192016602,220.69955134391785,2026-09-23T02:48:17,2435.0,800.0,31.0,5506.0,195,13,450.0,200.0,20.0,,31.4,10606.66,33312.767,42594.4796,51895.51,1816.9905321249998,21944.653310468773,30000.0,5806.235298580639,25.017487751773718,5261.0,0.005892415890515111,1178809139.1999998,1126327910.4,149.54346153846151,70105992.0,115318392.0,116391936.0,135266304.0,16.0,0.457,1.0,200.0,0.0,179.0,2972.797323448748,5.4595,1474.7400999999963,6582.552449999997,2.351826860620232,7.049945404644063,252166144.0,40.2,31409.4216,,36131.88274999999,
boot-t200_stress_rep4,boot-t200,stress,4,java,0,0,210.8605990409851,222.38563084602356,2026-09-23T03:35:56,2395.0,800.0,34.0,5468.0,192,15,450.0,200.0,20.0,,31.240000000000002,11128.88,33110.85999999999,42700.7968,50301.443,1892.6724873580247,22187.21836381531,30000.0,5950.461247894477,24.7129029950061,5199.0,0.006539719176764763,1106981683.2,1052717875.2,149.65346153846153,62486276.0,121924064.0,92274688.0,138412032.0,59.0,0.662,1.0,200.0,0.0,179.0,3005.6317809173074,5.093,1201.880399999999,4302.638320000005,2.344041885915624,6.308435031571421,251920384.0,35.4,31088.297849999988,,36106.354999999996,
boot-t200_stress_rep5,boot-t200,stress,5,java,0,0,210.81865406036377,222.24561524391174,2026-09-23T04:23:59,2380.0,800.0,44.0,5440.0,177,14,450.0,200.0,20.0,,32.7,10864.683,33358.34574999997,42337.95878,53003.518,1889.6642827203389,22061.3738637511,30000.0,5974.942793059376,24.587741960946964,5172.0,0.008507347254447023,1133091225.6000001,1092196761.6000001,148.2773076923077,61031040.0,124811656.0,97517568.0,139460608.0,54.0,0.737,1.0,200.0,0.0,177.0,3045.945150188723,5.378,1333.7787000000023,6061.961139999974,2.3479466255139245,6.772845552170488,229212160.0,37.8,30709.961049999998,,37299.458499999986,
boot-t64_stress_rep1,boot-t64,stress,1,java,0,1,210.90518808364868,227.7418189048767,2026-09-23T00:23:38,2435.0,800.0,0.0,,192,13,450.0,64.0,20.0,,31.4375,11484.194,31296.392,35397.28796,40596.742,,,,,25.078499149144765,5275.0,0.0,1091043328.0,1067869798.4000001,149.05549019607844,57995152.0,109453968.0,111673344.0,139460608.0,11.0,0.081,1.0,64.0,0.0,42.0,973.8048879358491,6.042,2139.0559999999964,5559.590979999998,2.4876198986860767,7.168500126559128,262438912.0,37.2,30600.38945,,32499.1454,
boot-t64_stress_rep2,boot-t64,stress,2,java,0,1,210.88691782951355,227.6128351688385,2026-09-23T01:12:46,2386.0,800.0,0.0,,192,12,450.0,64.0,20.0,,33.46666666666667,11697.585,28507.781699999996,31697.903599999998,38906.714,,,,,24.81331781877348,5219.0,0.0,1066401792.0,1020159590.4,149.0126923076923,64988248.0,92148392.0,94371840.0,103809024.0,53.0,0.49,1.0,64.0,0.0,43.0,1106.6359526817923,5.583500000000001,1583.2473499999962,8450.127610000007,2.423606711388965,7.741786570639659,261423104.0,36.4,27061.524849999994,,29909.3085,
boot-t64_stress_rep3,boot-t64,stress,3,java,0,1,210.8318657875061,226.5268428325653,2026-09-23T02:00:34,2423.0,800.0,0.0,,204,12,450.0,64.0,20.0,,31.84,11299.5285,27905.05905,31334.310209999996,36104.094,,,,,25.07241347047313,5274.0,0.0,1129526067.2,1114741145.6000001,148.58235294117645,74100000.0,137484384.0,103809024.0,159383552.0,28.0,0.177,1.0,64.0,0.0,43.0,1035.62475264185,5.7485,1963.5563999999974,8019.636520000001,2.462456074119693,7.4725736413026835,257736704.0,39.0,26049.266499999994,,29204.1547,
boot-t64_stress_rep4,boot-t64,stress,4,java,0,1,210.8371729850769,228.32209587097168,2026-09-23T03:52:27,2430.0,800.0,0.0,,192,12,450.0,64.0,20.0,,30.720000000000002,11601.984,27802.48565,31504.3168,38096.307,,,,,25.163956945496764,5292.0,0.0,1159620198.4,1134139801.6,149.37557692307692,65885952.0,91051776.0,101711872.0,106954752.0,49.0,0.296,1.0,64.0,0.0,44.0,1049.8490762726237,5.5965,2495.454099999993,6999.03325,2.2573224697310987,7.660103874867097,258228224.0,36.2,26587.04925,,28747.17229999999,
boot-t64_stress_rep5,boot-t64,stress,5,java,0,1,210.79036593437195,229.69114899635315,2026-09-23T04:40:34,2335.0,800.0,0.0,,186,13,450.0,64.0,20.0,,31.780000000000005,11708.683,28295.2465,34231.4321,40103.689,,,,,24.119016076748714,5071.0,0.0,1067345510.4000001,1027499622.4,148.27673076923077,64706984.0,88872352.0,93323264.0,97517568.0,52.0,0.54,1.0,64.0,0.0,43.0,994.0626618199609,6.128,2223.3188000000005,6601.405760000001,2.2816361272054952,7.497418844250444,241909760.0,35.0,26472.313499999997,,29627.19189999999,
boot-vt_stress_rep1,boot-vt,stress,1,java,0,0,205.89925289154053,209.9038987159729,2026-09-23T00:39:50,4828.0,800.0,1.0,9802.0,192,8,450.0,,20.0,,89.33333333333333,4399.216,22411.07539999995,26563.14672,32794.891,2198.61421,22716.749561869412,27482.595916941205,5671.419553438074,47.34471118511524,9725.0,0.00010282776349614396,1347420160.0,1120088883.2,145.16,69674588.0,361209464.0,94371840.0,414187520.0,147.0,1.106,,,0.0,770.0,5902.322294484891,4.461,4113.042549999997,7837.539979999982,2.577831415194579,10.668746583084621,259391488.0,793.4,20318.840500000002,,23989.23419999998,
boot-vt_stress_rep2,boot-vt,stress,2,java,0,0,206.12391591072083,207.9639151096344,2026-09-23T01:28:55,4654.0,800.0,0.0,9400.0,207,8,450.0,,20.0,,73.81,5686.612,19681.470400000002,22817.177359999998,29625.771,5215.891931351123,20188.325538626726,22668.982532792626,7047.949563715211,45.46963516218198,9349.0,0.0,1299605094.4,1132566937.6,147.93254901960782,72724128.0,297246328.0,102760448.0,361758720.0,202.0,1.2260000000000002,,,0.0,765.0,7111.385757889649,4.336,3546.0041999999958,5848.509440000009,2.372803764206397,6.558751732480611,262553600.0,101.0,19221.2229,,19909.75845,
boot-vt_stress_rep3,boot-vt,stress,3,java,0,0,205.00158381462097,208.34900617599487,2026-09-23T02:16:45,4900.0,800.0,2.0,9888.0,198,6,450.0,,20.0,,88.50000000000001,4617.7080000000005,21379.85675,26321.766099999986,30603.204,3835.077871603352,21835.964342168165,27105.79890552649,6405.285785332323,48.15587384352478,9846.0,0.00020312817387771684,1467901542.4,1166121369.6,144.57019607843137,74013172.0,374316664.0,112197632.0,497025024.0,61.0,0.6869999999999999,,,0.0,769.0,6574.382977256753,4.250500000000001,4389.768849999991,8877.795580000002,2.597588257307587,7.5050119541960445,251609088.0,605.0,20911.9653,,21791.512600000002,
boot-vt_stress_rep4,boot-vt,stress,4,java,0,0,204.15357613563538,208.03395700454712,2026-09-23T03:04:24,4941.0,800.0,0.0,9938.0,195,8,450.0,,20.0,,77.93333333333335,4318.706,22282.770999999997,27902.080319999997,30104.114,4029.088366171429,22280.325723439564,28170.090911495226,6579.820662305192,48.651477731302286,9907.0,0.0,1515821465.6000001,1213097574.4,145.131568627451,73917960.0,456105592.0,134217728.0,550502400.0,71.0,0.706,,,0.0,769.0,6609.705731752898,4.021,4258.481999999989,7126.202579999997,2.454536236008545,9.024354769172763,262389760.0,186.8,20593.68345,,23253.952100000002,
boot-vt_stress_rep5,boot-vt,stress,5,java,0,0,205.24868202209473,207.45437216758728,2026-09-23T04:56:47,4693.0,800.0,2.0,9482.0,195,9,450.0,,20.0,,103.30000000000007,4787.648499999999,21990.29625,26266.208730000002,30535.841,3180.7069106415092,22539.108603391036,27398.799509143148,6550.984661018351,46.06619645015942,9430.0,0.00021208907741251324,1319108608.0,1095132774.4,145.5021568627451,65722144.0,340322968.0,114294784.0,384827392.0,173.0,1.224,,,0.0,765.0,6663.427415450447,5.348,3167.3587500000003,7541.797750000003,2.4669223026134954,8.80265301024376,257867776.0,618.6,20199.23149999999,,23632.8119,
vapor_stress_rep1,vapor,stress,1,swift,0,0,204.48763513565063,206.9435257911682,2026-09-22T23:41:15,3640.0,800.0,932.0,7374.0,429,0,450.0,,,80539648.0,48.56250000000001,8495.059000000001,21607.8522,25595.62024,30698.103,7581.365156552239,21846.027307207354,26287.108725343674,8508.445659787767,35.89293102400248,7322.0,0.1272876263316034,76145491.968,53086257.151999995,146.1712,,,,,,,,,,,,3.202,2185.1665999999996,4434.434439999994,2.424178939483891,8.083764944309808,246824960.0,713.2,14293.858349999999,,23701.008799999985,
vapor_stress_rep2,vapor,stress,2,swift,0,0,204.02866983413696,205.9166660308838,2026-09-23T01:44:39,3648.0,800.0,615.0,7334.0,432,0,450.0,,,81330176.0,51.05,8997.98,23106.445499999998,25693.355799999998,29194.453,7847.917883530487,21972.28440179064,26741.266047920086,8625.684115696346,35.93353154821781,7311.0,0.08411981945014362,79921414.144,54089744.384,145.686,,,,,,,,,,,,3.0854999999999997,2387.89425,3684.24694,2.4783346068648533,6.758736711060196,259915776.0,66.0,14033.394049999999,,24495.3462,
vapor_stress_rep3,vapor,stress,3,swift,0,0,203.0007438659668,205.8726990222931,2026-09-23T02:32:29,3615.0,800.0,687.0,7280.0,429,0,450.0,,,80900096.0,49.25,8610.311,23503.09785,26394.95036,31093.824,7545.610351462329,22526.464627679634,27328.507138460925,8580.761357239011,35.80801593009232,7250.0,0.09475862068965517,77806436.352,53401878.528,143.2706,,,,,,,,,,,,3.005,2191.041399999999,3995.6120799999917,2.390425492553099,6.452124289907839,265437184.0,808.3,14801.7911,,24732.850399999985,
vapor_stress_rep4,vapor,stress,4,swift,0,0,206.0427279472351,209.8158278465271,2026-09-23T03:20:08,3644.0,800.0,670.0,7384.0,462,0,450.0,,,80572416.0,57.06666666666668,8128.427,23206.34375,25906.04633,30000.046,7155.438239164683,22240.822139765423,27092.28908614142,8501.000807967226,35.66898695567342,7332.0,0.09138025095471904,71303168.0,54597255.168,144.8492156862745,,,,,,,,,,,,3.061,1893.4867999999988,3693.5602599999997,2.575668148981669,6.95330568203724,256376832.0,605.7,13897.9013,,24799.2556,
vapor_stress_rep5,vapor,stress,5,swift,0,0,199.90529084205627,201.81313705444336,2026-09-23T04:08:07,3609.0,800.0,702.0,7250.0,426,0,450.0,,,80281600.0,45.375,8418.248,24198.018,26371.548159999995,30196.566,7412.633911152285,23130.9139595527,27619.348250606756,8511.816804197104,36.25527931457872,7229.0,0.0971088670632176,78032928.768,54188310.528000005,146.09755102040816,,,,,,,,,,,,3.037,1991.41875,3596.56775,2.470351898803861,6.730062463119923,269844480.0,55.125,14245.99715,,25403.4886,
