t,service,series,cumulative_count,cumulative_sum_seconds
1790108607.559,swift-user-service,"http_request_duration_seconds{method=""POST"",status=""201"",language=""swift"",service=""user-service""}",106.0,12.54691662
1790108607.559,swift-user-service,"http_request_duration_seconds{method=""GET"",status=""200"",language=""swift"",service=""user-service""}",1000.0,1.628798593
1790108607.559,swift-product-service,"http_request_duration_seconds{method=""GET"",status=""200"",language=""swift"",service=""product-service""}",1000.0,0.434032205
1790108607.559,swift-product-service,"http_request_duration_seconds{method=""POST"",status=""201"",language=""swift"",service=""product-service""}",5.0,0.006456041
1790108612.577,swift-user-service,"http_request_duration_seconds{method=""POST"",status=""201"",language=""swift"",service=""user-service""}",114.0,12.980443663
1790108612.577,swift-user-service,"http_request_duration_seconds{method=""GET"",status=""200"",language=""swift"",service=""user-service""}",1000.0,1.628798593
1790108612.577,swift-product-service,"http_request_duration_seconds{method=""GET"",status=""200"",language=""swift"",service=""product-service""}",1003.0,0.439767247
1790108612.577,swift-product-service,"http_request_duration_seconds{method=""POST"",status=""201"",language=""swift"",service=""product-service""}",10.0,0.010363374
1790108617.604,swift-user-service,"http_request_duration_seconds{method=""POST"",status=""201"",language=""swift"",service=""user-service""}",122.0,13.492726706
1790108617.604,swift-user-service,"http_request_duration_seconds{method=""GET"",status=""200"",language=""swift"",service=""user-service""}",1000.0,1.628798593
1790108617.604,swift-product-service,"http_request_duration_seconds{method=""GET"",status=""200"",language=""swift"",service=""product-service""}",1025.0,0.466320666
1790108617.604,swift-product-service,"http_request_duration_seconds{method=""POST"",status=""201"",language=""swift"",service=""product-service""}",10.0,0.010363374
1790108622.628,swift-user-service,"http_request_duration_seconds{method=""POST"",status=""201"",language=""swift"",service=""user-service""}",135.0,14.247733791
1790108622.628,swift-user-service,"http_request_duration_seconds{method=""GET"",status=""200"",language=""swift"",service=""user-service""}",1000.0,1.628798593
1790108622.628,swift-product-service,"http_request_duration_seconds{method=""GET"",status=""200"",language=""swift"",service=""product-service""}",1067.0,0.511238581
1790108622.628,swift-product-service,"http_request_duration_seconds{method=""POST"",status=""201"",language=""swift"",service=""product-service""}",10.0,0.010363374
1790108627.654,swift-user-service,"http_request_duration_seconds{method=""POST"",status=""201"",language=""swift"",service=""user-service""}",153.0,15.292476666
1790108627.654,swift-user-service,"http_request_duration_seconds{method=""GET"",status=""200"",language=""swift"",service=""user-service""}",1000.0,1.628798593
1790108627.654,swift-product-service,"http_request_duration_seconds{method=""GET"",status=""200"",language=""swift"",service=""product-service""}",1129.0,0.560916289
1790108627.654,swift-product-service,"http_request_duration_seconds{method=""POST"",status=""201"",language=""swift"",service=""product-service""}",10.0,0.010363374
1790108632.675,swift-user-service,"http_request_duration_seconds{method=""POST"",status=""201"",language=""swift"",service=""user-service""}",176.0,16.63778721
1790108632.675,swift-user-service,"http_request_duration_seconds{method=""GET"",status=""200"",language=""swift"",service=""user-service""}",1000.0,1.628798593
1790108632.675,swift-product-service,"http_request_duration_seconds{method=""GET"",status=""200"",language=""swift"",service=""product-service""}",1211.0,0.626077339
1790108632.675,swift-product-service,"http_request_duration_seconds{method=""POST"",status=""201"",language=""swift"",service=""product-service""}",10.0,0.010363374
1790108637.684,swift-user-service,"http_request_duration_seconds{method=""POST"",status=""201"",language=""swift"",service=""user-service""}",203.0,18.327264045
1790108637.684,swift-user-service,"http_request_duration_seconds{method=""GET"",status=""200"",language=""swift"",service=""user-service""}",1000.0,1.628798593
1790108637.684,swift-product-service,"http_request_duration_seconds{method=""GET"",status=""200"",language=""swift"",service=""product-service""}",1312.0,0.703089293
1790108637.684,swift-product-service,"http_request_duration_seconds{method=""POST"",status=""201"",language=""swift"",service=""product-service""}",10.0,0.010363374
1790108642.703,swift-user-service,"http_request_duration_seconds{method=""POST"",status=""201"",language=""swift"",service=""user-service""}",233.0,20.139658002
1790108642.703,swift-user-service,"http_request_duration_seconds{method=""GET"",status=""200"",language=""swift"",service=""user-service""}",1000.0,1.628798593
1790108642.703,swift-product-service,"http_request_duration_seconds{method=""GET"",status=""200"",language=""swift"",service=""product-service""}",1427.0,0.801480419
1790108642.703,swift-product-service,"http_request_duration_seconds{method=""POST"",status=""201"",language=""swift"",service=""product-service""}",10.0,0.010363374
1790108647.713,swift-user-service,"http_request_duration_seconds{method=""POST"",status=""201"",language=""swift"",service=""user-service""}",262.0,21.98421796
1790108647.713,swift-user-service,"http_request_duration_seconds{method=""GET"",status=""200"",language=""swift"",service=""user-service""}",1000.0,1.628798593
1790108647.713,swift-product-service,"http_request_duration_seconds{method=""GET"",status=""200"",language=""swift"",service=""product-service""}",1546.0,0.909886052
1790108647.713,swift-product-service,"http_request_duration_seconds{method=""POST"",status=""201"",language=""swift"",service=""product-service""}",10.0,0.010363374
1790108652.724,swift-user-service,"http_request_duration_seconds{method=""POST"",status=""201"",language=""swift"",service=""user-service""}",292.0,24.02221688
1790108652.724,swift-user-service,"http_request_duration_seconds{method=""GET"",status=""200"",language=""swift"",service=""user-service""}",1000.0,1.628798593
1790108652.724,swift-product-service,"http_request_duration_seconds{method=""GET"",status=""200"",language=""swift"",service=""product-service""}",1664.0,1.066069547
1790108652.724,swift-product-service,"http_request_duration_seconds{method=""POST"",status=""201"",language=""swift"",service=""product-service""}",10.0,0.010363374
1790108657.740,swift-user-service,"http_request_duration_seconds{method=""POST"",status=""201"",language=""swift"",service=""user-service""}",318.0,25.814187089
1790108657.740,swift-user-service,"http_request_duration_seconds{method=""GET"",status=""200"",language=""swift"",service=""user-service""}",1000.0,1.628798593
1790108657.740,swift-product-service,"http_request_duration_seconds{method=""GET"",status=""200"",language=""swift"",service=""product-service""}",1775.0,1.181913044
1790108657.740,swift-product-service,"http_request_duration_seconds{method=""POST"",status=""201"",language=""swift"",service=""product-service""}",10.0,0.010363374
1790108662.755,swift-user-service,"http_request_duration_seconds{method=""POST"",status=""201"",language=""swift"",service=""user-service""}",348.0,27.949459713
1790108662.755,swift-user-service,"http_request_duration_seconds{method=""GET"",status=""200"",language=""swift"",service=""user-service""}",1000.0,1.628798593
1790108662.755,swift-product-service,"http_request_duration_seconds{method=""GET"",status=""200"",language=""swift"",service=""product-service""}",1888.0,1.305502421
1790108662.755,swift-product-service,"http_request_duration_seconds{method=""POST"",status=""201"",language=""swift"",service=""product-service""}",10.0,0.010363374
1790108667.778,swift-user-service,"http_request_duration_seconds{method=""POST"",status=""201"",language=""swift"",service=""user-service""}",378.0,30.292221473
1790108667.778,swift-user-service,"http_request_duration_seconds{method=""GET"",status=""200"",language=""swift"",service=""user-service""}",1000.0,1.628798593
1790108667.778,swift-product-service,"http_request_duration_seconds{method=""GET"",status=""200"",language=""swift"",service=""product-service""}",2008.0,1.435734541
1790108667.778,swift-product-service,"http_request_duration_seconds{method=""POST"",status=""201"",language=""swift"",service=""product-service""}",10.0,0.010363374
1790108672.794,swift-user-service,"http_request_duration_seconds{method=""POST"",status=""201"",language=""swift"",service=""user-service""}",408.0,33.208921806
1790108672.794,swift-user-service,"http_request_duration_seconds{method=""GET"",status=""200"",language=""swift"",service=""user-service""}",1000.0,1.628798593
1790108672.794,swift-product-service,"http_request_duration_seconds{method=""GET"",status=""200"",language=""swift"",service=""product-service""}",2128.0,1.595039087
1790108672.794,swift-product-service,"http_request_duration_seconds{method=""POST"",status=""201"",language=""swift"",service=""product-service""}",10.0,0.010363374
1790108677.816,swift-user-service,"http_request_duration_seconds{method=""POST"",status=""201"",language=""swift"",service=""user-service""}",438.0,37.276945683
1790108677.816,swift-user-service,"http_request_duration_seconds{method=""GET"",status=""200"",language=""swift"",service=""user-service""}",1000.0,1.628798593
1790108677.816,swift-product-service,"http_request_duration_seconds{method=""GET"",status=""200"",language=""swift"",service=""product-service""}",2248.0,1.74549088
1790108677.816,swift-product-service,"http_request_duration_seconds{method=""POST"",status=""201"",language=""swift"",service=""product-service""}",10.0,0.010363374
1790108682.838,swift-user-service,"http_request_duration_seconds{method=""POST"",status=""201"",language=""swift"",service=""user-service""}",468.0,40.581775603
1790108682.838,swift-user-service,"http_request_duration_seconds{method=""GET"",status=""200"",language=""swift"",service=""user-service""}",1000.0,1.628798593
1790108682.838,swift-product-service,"http_request_duration_seconds{method=""GET"",status=""200"",language=""swift"",service=""product-service""}",2368.0,1.917937386
1790108682.838,swift-product-service,"http_request_duration_seconds{method=""POST"",status=""201"",language=""swift"",service=""product-service""}",10.0,0.010363374
1790108687.863,swift-user-service,"http_request_duration_seconds{method=""POST"",status=""201"",language=""swift"",service=""user-service""}",498.0,44.172679857
1790108687.863,swift-user-service,"http_request_duration_seconds{method=""GET"",status=""200"",language=""swift"",service=""user-service""}",1000.0,1.628798593
1790108687.863,swift-product-service,"http_request_duration_seconds{method=""GET"",status=""200"",language=""swift"",service=""product-service""}",2488.0,2.107113673
1790108687.863,swift-product-service,"http_request_duration_seconds{method=""POST"",status=""201"",language=""swift"",service=""product-service""}",10.0,0.010363374
1790108692.877,swift-user-service,"http_request_duration_seconds{method=""POST"",status=""201"",language=""swift"",service=""user-service""}",524.0,46.816821648
1790108692.877,swift-user-service,"http_request_duration_seconds{method=""GET"",status=""200"",language=""swift"",service=""user-service""}",1000.0,1.628798593
1790108692.877,swift-product-service,"http_request_duration_seconds{method=""GET"",status=""200"",language=""swift"",service=""product-service""}",2608.0,2.337011922
1790108692.877,swift-product-service,"http_request_duration_seconds{method=""POST"",status=""201"",language=""swift"",service=""product-service""}",10.0,0.010363374
1790108697.957,swift-user-service,"http_request_duration_seconds{method=""POST"",status=""201"",language=""swift"",service=""user-service""}",552.0,50.434899691
1790108697.957,swift-user-service,"http_request_duration_seconds{method=""GET"",status=""200"",language=""swift"",service=""user-service""}",1000.0,1.628798593
1790108697.957,swift-product-service,"http_request_duration_seconds{method=""GET"",status=""200"",language=""swift"",service=""product-service""}",2722.0,2.568624133
1790108697.957,swift-product-service,"http_request_duration_seconds{method=""POST"",status=""201"",language=""swift"",service=""product-service""}",10.0,0.010363374
1790108702.981,swift-user-service,"http_request_duration_seconds{method=""POST"",status=""201"",language=""swift"",service=""user-service""}",582.0,55.227197528
1790108702.981,swift-user-service,"http_request_duration_seconds{method=""GET"",status=""200"",language=""swift"",service=""user-service""}",1000.0,1.628798593
1790108702.981,swift-product-service,"http_request_duration_seconds{method=""GET"",status=""200"",language=""swift"",service=""product-service""}",2842.0,2.834676004
1790108702.981,swift-product-service,"http_request_duration_seconds{method=""POST"",status=""201"",language=""swift"",service=""product-service""}",10.0,0.010363374
1790108708.001,swift-user-service,"http_request_duration_seconds{method=""POST"",status=""201"",language=""swift"",service=""user-service""}",612.0,60.302254158
1790108708.001,swift-user-service,"http_request_duration_seconds{method=""GET"",status=""200"",language=""swift"",service=""user-service""}",1000.0,1.628798593
1790108708.001,swift-product-service,"http_request_duration_seconds{method=""GET"",status=""200"",language=""swift"",service=""product-service""}",2962.0,3.053311795
1790108708.001,swift-product-service,"http_request_duration_seconds{method=""POST"",status=""201"",language=""swift"",service=""product-service""}",10.0,0.010363374
1790108713.017,swift-user-service,"http_request_duration_seconds{method=""POST"",status=""201"",language=""swift"",service=""user-service""}",642.0,65.519771496
1790108713.017,swift-user-service,"http_request_duration_seconds{method=""GET"",status=""200"",language=""swift"",service=""user-service""}",1000.0,1.628798593
1790108713.017,swift-product-service,"http_request_duration_seconds{method=""GET"",status=""200"",language=""swift"",service=""product-service""}",3070.0,3.267367126
1790108713.017,swift-product-service,"http_request_duration_seconds{method=""POST"",status=""201"",language=""swift"",service=""product-service""}",10.0,0.010363374
1790108718.039,swift-user-service,"http_request_duration_seconds{method=""POST"",status=""201"",language=""swift"",service=""user-service""}",672.0,71.022582584
1790108718.039,swift-user-service,"http_request_duration_seconds{method=""GET"",status=""200"",language=""swift"",service=""user-service""}",1000.0,1.628798593
1790108718.039,swift-product-service,"http_request_duration_seconds{method=""GET"",status=""200"",language=""swift"",service=""product-service""}",3178.0,3.463172916
1790108718.039,swift-product-service,"http_request_duration_seconds{method=""POST"",status=""201"",language=""swift"",service=""product-service""}",10.0,0.010363374
1790108723.064,swift-user-service,"http_request_duration_seconds{method=""POST"",status=""201"",language=""swift"",service=""user-service""}",702.0,76.55982283
1790108723.064,swift-user-service,"http_request_duration_seconds{method=""GET"",status=""200"",language=""swift"",service=""user-service""}",1000.0,1.628798593
1790108723.064,swift-product-service,"http_request_duration_seconds{method=""GET"",status=""200"",language=""swift"",service=""product-service""}",3298.0,3.670539162
1790108723.064,swift-product-service,"http_request_duration_seconds{method=""POST"",status=""201"",language=""swift"",service=""product-service""}",10.0,0.010363374
1790108728.081,swift-user-service,"http_request_duration_seconds{method=""POST"",status=""201"",language=""swift"",service=""user-service""}",732.0,80.27434204
1790108728.081,swift-user-service,"http_request_duration_seconds{method=""GET"",status=""200"",language=""swift"",service=""user-service""}",1000.0,1.628798593
1790108728.081,swift-product-service,"http_request_duration_seconds{method=""GET"",status=""200"",language=""swift"",service=""product-service""}",3412.0,3.870170243
1790108728.081,swift-product-service,"http_request_duration_seconds{method=""POST"",status=""201"",language=""swift"",service=""product-service""}",10.0,0.010363374
1790108733.103,swift-user-service,"http_request_duration_seconds{method=""POST"",status=""201"",language=""swift"",service=""user-service""}",762.0,84.718070165
1790108733.103,swift-user-service,"http_request_duration_seconds{method=""GET"",status=""200"",language=""swift"",service=""user-service""}",1000.0,1.628798593
1790108733.103,swift-product-service,"http_request_duration_seconds{method=""GET"",status=""200"",language=""swift"",service=""product-service""}",3532.0,4.160341082
1790108733.103,swift-product-service,"http_request_duration_seconds{method=""POST"",status=""201"",language=""swift"",service=""product-service""}",10.0,0.010363374
1790108738.125,swift-user-service,"http_request_duration_seconds{method=""POST"",status=""201"",language=""swift"",service=""user-service""}",792.0,88.342982542
1790108738.125,swift-user-service,"http_request_duration_seconds{method=""GET"",status=""200"",language=""swift"",service=""user-service""}",1000.0,1.628798593
1790108738.125,swift-product-service,"http_request_duration_seconds{method=""GET"",status=""200"",language=""swift"",service=""product-service""}",3646.0,4.413754499
1790108738.125,swift-product-service,"http_request_duration_seconds{method=""POST"",status=""201"",language=""swift"",service=""product-service""}",10.0,0.010363374
1790108743.146,swift-user-service,"http_request_duration_seconds{method=""POST"",status=""201"",language=""swift"",service=""user-service""}",822.0,91.696425873
1790108743.146,swift-user-service,"http_request_duration_seconds{method=""GET"",status=""200"",language=""swift"",service=""user-service""}",1000.0,1.628798593
1790108743.146,swift-product-service,"http_request_duration_seconds{method=""GET"",status=""200"",language=""swift"",service=""product-service""}",3766.0,4.708260878
1790108743.146,swift-product-service,"http_request_duration_seconds{method=""POST"",status=""201"",language=""swift"",service=""product-service""}",10.0,0.010363374
1790108748.172,swift-user-service,"http_request_duration_seconds{method=""POST"",status=""201"",language=""swift"",service=""user-service""}",852.0,94.386456954
1790108748.172,swift-user-service,"http_request_duration_seconds{method=""GET"",status=""200"",language=""swift"",service=""user-service""}",1000.0,1.628798593
1790108748.172,swift-product-service,"http_request_duration_seconds{method=""GET"",status=""200"",language=""swift"",service=""product-service""}",3886.0,4.960231837
1790108748.172,swift-product-service,"http_request_duration_seconds{method=""POST"",status=""201"",language=""swift"",service=""product-service""}",10.0,0.010363374
1790108753.199,swift-user-service,"http_request_duration_seconds{method=""POST"",status=""201"",language=""swift"",service=""user-service""}",882.0,97.330860166
1790108753.199,swift-user-service,"http_request_duration_seconds{method=""GET"",status=""200"",language=""swift"",service=""user-service""}",1000.0,1.628798593
1790108753.199,swift-product-service,"http_request_duration_seconds{method=""GET"",status=""200"",language=""swift"",service=""product-service""}",4001.0,5.186351544
1790108753.199,swift-product-service,"http_request_duration_seconds{method=""POST"",status=""201"",language=""swift"",service=""product-service""}",10.0,0.010363374
1790108758.220,swift-user-service,"http_request_duration_seconds{method=""POST"",status=""201"",language=""swift"",service=""user-service""}",912.0,100.198580289
1790108758.220,swift-user-service,"http_request_duration_seconds{method=""GET"",status=""200"",language=""swift"",service=""user-service""}",1000.0,1.628798593
1790108758.220,swift-product-service,"http_request_duration_seconds{method=""GET"",status=""200"",language=""swift"",service=""product-service""}",4120.0,5.388880278
1790108758.220,swift-product-service,"http_request_duration_seconds{method=""POST"",status=""201"",language=""swift"",service=""product-service""}",10.0,0.010363374
1790108763.232,swift-user-service,"http_request_duration_seconds{method=""POST"",status=""201"",language=""swift"",service=""user-service""}",937.0,102.713368999
1790108763.232,swift-user-service,"http_request_duration_seconds{method=""GET"",status=""200"",language=""swift"",service=""user-service""}",1000.0,1.628798593
1790108763.232,swift-product-service,"http_request_duration_seconds{method=""GET"",status=""200"",language=""swift"",service=""product-service""}",4240.0,5.630387436
1790108763.232,swift-product-service,"http_request_duration_seconds{method=""POST"",status=""201"",language=""swift"",service=""product-service""}",10.0,0.010363374
1790108768.273,swift-user-service,"http_request_duration_seconds{method=""POST"",status=""201"",language=""swift"",service=""user-service""}",966.0,106.791493915
1790108768.273,swift-user-service,"http_request_duration_seconds{method=""GET"",status=""200"",language=""swift"",service=""user-service""}",1000.0,1.628798593
1790108768.273,swift-product-service,"http_request_duration_seconds{method=""GET"",status=""200"",language=""swift"",service=""product-service""}",4354.0,5.861056806
1790108768.273,swift-product-service,"http_request_duration_seconds{method=""POST"",status=""201"",language=""swift"",service=""product-service""}",10.0,0.010363374
1790108773.290,swift-user-service,"http_request_duration_seconds{method=""POST"",status=""201"",language=""swift"",service=""user-service""}",996.0,109.288177498
1790108773.290,swift-user-service,"http_request_duration_seconds{method=""GET"",status=""200"",language=""swift"",service=""user-service""}",1000.0,1.628798593
1790108773.290,swift-product-service,"http_request_duration_seconds{method=""GET"",status=""200"",language=""swift"",service=""product-service""}",4470.0,6.125406056
1790108773.290,swift-product-service,"http_request_duration_seconds{method=""POST"",status=""201"",language=""swift"",service=""product-service""}",10.0,0.010363374
1790108778.302,swift-user-service,"http_request_duration_seconds{method=""POST"",status=""201"",language=""swift"",service=""user-service""}",1021.0,111.679517543
1790108778.302,swift-user-service,"http_request_duration_seconds{method=""GET"",status=""200"",language=""swift"",service=""user-service""}",1000.0,1.628798593
1790108778.302,swift-product-service,"http_request_duration_seconds{method=""GET"",status=""200"",language=""swift"",service=""product-service""}",4588.0,6.38803328
1790108778.302,swift-product-service,"http_request_duration_seconds{method=""POST"",status=""201"",language=""swift"",service=""product-service""}",10.0,0.010363374
1790108783.320,swift-user-service,"http_request_duration_seconds{method=""POST"",status=""201"",language=""swift"",service=""user-service""}",1050.0,113.960648881
1790108783.320,swift-user-service,"http_request_duration_seconds{method=""GET"",status=""200"",language=""swift"",service=""user-service""}",1000.0,1.628798593
1790108783.320,swift-product-service,"http_request_duration_seconds{method=""GET"",status=""200"",language=""swift"",service=""product-service""}",4708.0,6.649332285
1790108783.320,swift-product-service,"http_request_duration_seconds{method=""POST"",status=""201"",language=""swift"",service=""product-service""}",10.0,0.010363374
1790108788.343,swift-user-service,"http_request_duration_seconds{method=""POST"",status=""201"",language=""swift"",service=""user-service""}",1080.0,116.164180131
1790108788.343,swift-user-service,"http_request_duration_seconds{method=""GET"",status=""200"",language=""swift"",service=""user-service""}",1000.0,1.628798593
1790108788.343,swift-product-service,"http_request_duration_seconds{method=""GET"",status=""200"",language=""swift"",service=""product-service""}",4828.0,6.906021164
1790108788.343,swift-product-service,"http_request_duration_seconds{method=""POST"",status=""201"",language=""swift"",service=""product-service""}",10.0,0.010363374
1790108793.368,swift-user-service,"http_request_duration_seconds{method=""POST"",status=""201"",language=""swift"",service=""user-service""}",1110.0,118.522582466
1790108793.368,swift-user-service,"http_request_duration_seconds{method=""GET"",status=""200"",language=""swift"",service=""user-service""}",1000.0,1.628798593
1790108793.368,swift-product-service,"http_request_duration_seconds{method=""GET"",status=""200"",language=""swift"",service=""product-service""}",4948.0,7.169458335
1790108793.368,swift-product-service,"http_request_duration_seconds{method=""POST"",status=""201"",language=""swift"",service=""product-service""}",10.0,0.010363374
1790108798.387,swift-user-service,"http_request_duration_seconds{method=""POST"",status=""201"",language=""swift"",service=""user-service""}",1140.0,120.885754713
1790108798.387,swift-user-service,"http_request_duration_seconds{method=""GET"",status=""200"",language=""swift"",service=""user-service""}",1000.0,1.628798593
1790108798.387,swift-product-service,"http_request_duration_seconds{method=""GET"",status=""200"",language=""swift"",service=""product-service""}",5068.0,7.443932919
1790108798.387,swift-product-service,"http_request_duration_seconds{method=""POST"",status=""201"",language=""swift"",service=""product-service""}",10.0,0.010363374
1790108803.405,swift-user-service,"http_request_duration_seconds{method=""POST"",status=""201"",language=""swift"",service=""user-service""}",1170.0,123.114400465
1790108803.405,swift-user-service,"http_request_duration_seconds{method=""GET"",status=""200"",language=""swift"",service=""user-service""}",1000.0,1.628798593
1790108803.405,swift-product-service,"http_request_duration_seconds{method=""GET"",status=""200"",language=""swift"",service=""product-service""}",5188.0,7.712326795
1790108803.405,swift-product-service,"http_request_duration_seconds{method=""POST"",status=""201"",language=""swift"",service=""product-service""}",10.0,0.010363374
1790108808.424,swift-user-service,"http_request_duration_seconds{method=""POST"",status=""201"",language=""swift"",service=""user-service""}",1200.0,125.615970639
1790108808.424,swift-user-service,"http_request_duration_seconds{method=""GET"",status=""200"",language=""swift"",service=""user-service""}",1000.0,1.628798593
1790108808.424,swift-product-service,"http_request_duration_seconds{method=""GET"",status=""200"",language=""swift"",service=""product-service""}",5303.0,7.956546957
1790108808.424,swift-product-service,"http_request_duration_seconds{method=""POST"",status=""201"",language=""swift"",service=""product-service""}",10.0,0.010363374
1790108813.443,swift-user-service,"http_request_duration_seconds{method=""POST"",status=""201"",language=""swift"",service=""user-service""}",1230.0,128.20453043
1790108813.443,swift-user-service,"http_request_duration_seconds{method=""GET"",status=""200"",language=""swift"",service=""user-service""}",1000.0,1.628798593
1790108813.443,swift-product-service,"http_request_duration_seconds{method=""GET"",status=""200"",language=""swift"",service=""product-service""}",5422.0,8.188162587
1790108813.443,swift-product-service,"http_request_duration_seconds{method=""POST"",status=""201"",language=""swift"",service=""product-service""}",10.0,0.010363374
1790108818.462,swift-user-service,"http_request_duration_seconds{method=""POST"",status=""201"",language=""swift"",service=""user-service""}",1260.0,130.649834099
1790108818.462,swift-user-service,"http_request_duration_seconds{method=""GET"",status=""200"",language=""swift"",service=""user-service""}",1000.0,1.628798593
1790108818.462,swift-product-service,"http_request_duration_seconds{method=""GET"",status=""200"",language=""swift"",service=""product-service""}",5540.0,8.428565888
1790108818.462,swift-product-service,"http_request_duration_seconds{method=""POST"",status=""201"",language=""swift"",service=""product-service""}",10.0,0.010363374
1790108823.480,swift-user-service,"http_request_duration_seconds{method=""POST"",status=""201"",language=""swift"",service=""user-service""}",1289.0,132.844850684
1790108823.480,swift-user-service,"http_request_duration_seconds{method=""GET"",status=""200"",language=""swift"",service=""user-service""}",1000.0,1.628798593
1790108823.480,swift-product-service,"http_request_duration_seconds{method=""GET"",status=""200"",language=""swift"",service=""product-service""}",5651.0,8.642973843
1790108823.480,swift-product-service,"http_request_duration_seconds{method=""POST"",status=""201"",language=""swift"",service=""product-service""}",10.0,0.010363374
1790108828.495,swift-user-service,"http_request_duration_seconds{method=""POST"",status=""201"",language=""swift"",service=""user-service""}",1314.0,134.567557226
1790108828.495,swift-user-service,"http_request_duration_seconds{method=""GET"",status=""200"",language=""swift"",service=""user-service""}",1000.0,1.628798593
1790108828.495,swift-product-service,"http_request_duration_seconds{method=""GET"",status=""200"",language=""swift"",service=""product-service""}",5743.0,8.8032398
1790108828.495,swift-product-service,"http_request_duration_seconds{method=""POST"",status=""201"",language=""swift"",service=""product-service""}",10.0,0.010363374
1790108833.512,swift-user-service,"http_request_duration_seconds{method=""POST"",status=""201"",language=""swift"",service=""user-service""}",1334.0,136.135213307
1790108833.512,swift-user-service,"http_request_duration_seconds{method=""GET"",status=""200"",language=""swift"",service=""user-service""}",1000.0,1.628798593
1790108833.512,swift-product-service,"http_request_duration_seconds{method=""GET"",status=""200"",language=""swift"",service=""product-service""}",5819.0,8.981715585
1790108833.512,swift-product-service,"http_request_duration_seconds{method=""POST"",status=""201"",language=""swift"",service=""product-service""}",10.0,0.010363374
1790108838.529,swift-user-service,"http_request_duration_seconds{method=""POST"",status=""201"",language=""swift"",service=""user-service""}",1348.0,137.143308849
1790108838.529,swift-user-service,"http_request_duration_seconds{method=""GET"",status=""200"",language=""swift"",service=""user-service""}",1000.0,1.628798593
1790108838.529,swift-product-service,"http_request_duration_seconds{method=""GET"",status=""200"",language=""swift"",service=""product-service""}",5874.0,9.10913117
1790108838.529,swift-product-service,"http_request_duration_seconds{method=""POST"",status=""201"",language=""swift"",service=""product-service""}",10.0,0.010363374
1790108843.542,swift-user-service,"http_request_duration_seconds{method=""POST"",status=""201"",language=""swift"",service=""user-service""}",1358.0,137.759341974
1790108843.542,swift-user-service,"http_request_duration_seconds{method=""GET"",status=""200"",language=""swift"",service=""user-service""}",1000.0,1.628798593
1790108843.542,swift-product-service,"http_request_duration_seconds{method=""GET"",status=""200"",language=""swift"",service=""product-service""}",5911.0,9.202043213
1790108843.542,swift-product-service,"http_request_duration_seconds{method=""POST"",status=""201"",language=""swift"",service=""product-service""}",10.0,0.010363374
1790108848.568,swift-user-service,"http_request_duration_seconds{method=""POST"",status=""201"",language=""swift"",service=""user-service""}",1363.0,138.098769057
1790108848.568,swift-user-service,"http_request_duration_seconds{method=""GET"",status=""200"",language=""swift"",service=""user-service""}",1000.0,1.628798593
1790108848.568,swift-product-service,"http_request_duration_seconds{method=""GET"",status=""200"",language=""swift"",service=""product-service""}",5927.0,9.245104588
1790108848.568,swift-product-service,"http_request_duration_seconds{method=""POST"",status=""201"",language=""swift"",service=""product-service""}",10.0,0.010363374
