t,service,latency_ms,status
1790105747.007,swift-user-service,2.614,200
1790105747.009,swift-product-service,1.925,200
1790105747.011,swift-order-service,1.668,200
1790105747.527,swift-user-service,5.646,200
1790105747.530,swift-product-service,3.105,200
1790105747.533,swift-order-service,2.884,200
1790105748.045,swift-user-service,5.391,200
1790105748.048,swift-product-service,3.281,200
1790105748.051,swift-order-service,2.887,200
1790105748.567,swift-user-service,5.726,200
1790105748.570,swift-product-service,3.299,200
1790105748.573,swift-order-service,2.824,200
1790105749.076,swift-user-service,1.926,200
1790105749.077,swift-product-service,1.168,200
1790105749.078,swift-order-service,1.120,200
1790105749.594,swift-user-service,5.587,200
1790105749.597,swift-product-service,3.358,200
1790105749.600,swift-order-service,3.069,200
1790105750.116,swift-user-service,5.780,200
1790105750.121,swift-product-service,4.074,200
1790105750.123,swift-order-service,2.956,200
1790105750.631,swift-user-service,5.303,200
1790105750.635,swift-product-service,3.462,200
1790105750.638,swift-order-service,2.947,200
1790105751.153,swift-user-service,5.133,200
1790105751.156,swift-product-service,3.065,200
1790105751.159,swift-order-service,2.861,200
1790105751.674,swift-user-service,5.288,200
1790105751.677,swift-product-service,3.054,200
1790105751.680,swift-order-service,3.097,200
1790105752.187,swift-user-service,4.965,200
1790105752.191,swift-product-service,3.761,200
1790105752.195,swift-order-service,3.430,200
1790105752.710,swift-user-service,5.440,200
1790105752.714,swift-product-service,3.412,200
1790105752.717,swift-order-service,3.011,200
1790105753.228,swift-user-service,5.042,200
1790105753.232,swift-product-service,3.861,200
1790105753.235,swift-order-service,3.332,200
1790105753.744,swift-user-service,6.000,200
1790105753.748,swift-product-service,3.350,200
1790105753.750,swift-order-service,2.675,200
1790105754.259,swift-user-service,5.994,200
1790105754.263,swift-product-service,3.791,200
1790105754.266,swift-order-service,2.949,200
1790105754.772,swift-user-service,5.210,200
1790105754.775,swift-product-service,3.204,200
1790105754.778,swift-order-service,2.821,200
1790105755.295,swift-user-service,6.504,200
1790105755.299,swift-product-service,4.074,200
1790105755.305,swift-order-service,5.558,200
1790105755.818,swift-user-service,5.118,200
1790105755.821,swift-product-service,3.271,200
1790105755.824,swift-order-service,2.844,200
1790105756.340,swift-user-service,5.629,200
1790105756.343,swift-product-service,3.383,200
1790105756.346,swift-order-service,2.849,200
1790105756.861,swift-user-service,4.989,200
1790105756.864,swift-product-service,2.964,200
1790105756.867,swift-order-service,2.957,200
1790105757.372,swift-user-service,4.112,200
1790105757.384,swift-product-service,12.212,200
1790105757.391,swift-order-service,6.940,200
1790105757.902,swift-user-service,5.557,200
1790105757.904,swift-product-service,2.863,200
1790105757.908,swift-order-service,3.090,200
1790105758.420,swift-user-service,3.965,200
1790105758.423,swift-product-service,2.650,200
1790105758.426,swift-order-service,2.685,200
1790105758.932,swift-user-service,2.001,200
1790105758.934,swift-product-service,1.600,200
1790105758.936,swift-order-service,1.857,200
1790105759.440,swift-user-service,1.689,200
1790105759.443,swift-product-service,2.976,200
1790105759.445,swift-order-service,1.444,200
1790105759.960,swift-user-service,5.236,200
1790105759.963,swift-product-service,2.877,200
1790105759.966,swift-order-service,2.755,200
1790105760.479,swift-user-service,2.358,200
1790105760.480,swift-product-service,1.264,200
1790105760.481,swift-order-service,1.298,200
1790105760.996,swift-user-service,4.930,200
1790105760.999,swift-product-service,3.160,200
1790105761.002,swift-order-service,2.848,200
1790105761.509,swift-user-service,1.670,200
1790105761.510,swift-product-service,1.292,200
1790105761.512,swift-order-service,1.112,200
1790105762.027,swift-user-service,5.263,200
1790105762.030,swift-product-service,3.102,200
1790105762.033,swift-order-service,3.223,200
1790105762.545,swift-user-service,1.577,200
1790105762.546,swift-product-service,0.938,200
1790105762.547,swift-order-service,0.938,200
1790105763.061,swift-user-service,4.810,200
1790105763.064,swift-product-service,3.457,200
1790105763.067,swift-order-service,2.865,200
1790105763.570,swift-user-service,2.788,200
1790105763.572,swift-product-service,1.639,200
1790105763.575,swift-order-service,2.516,200
1790105764.078,swift-user-service,2.269,200
1790105764.079,swift-product-service,1.340,200
1790105764.080,swift-order-service,1.357,200
1790105764.586,swift-user-service,1.671,200
1790105764.587,swift-product-service,0.958,200
1790105764.588,swift-order-service,0.935,200
1790105765.102,swift-user-service,4.851,200
1790105765.105,swift-product-service,3.190,200
1790105765.108,swift-order-service,3.009,200
1790105765.615,swift-user-service,2.160,200
1790105765.616,swift-product-service,1.079,200
1790105765.617,swift-order-service,1.275,200
1790105766.124,swift-user-service,5.158,200
1790105766.127,swift-product-service,2.995,200
1790105766.130,swift-order-service,2.954,200
1790105766.642,swift-user-service,2.310,200
1790105766.644,swift-product-service,1.074,200
1790105766.645,swift-order-service,1.291,200
1790105767.158,swift-user-service,4.402,200
1790105767.161,swift-product-service,3.075,200
1790105767.164,swift-order-service,3.343,200
1790105767.669,swift-user-service,2.064,200
1790105767.670,swift-product-service,0.991,200
1790105767.671,swift-order-service,1.091,200
1790105768.187,swift-user-service,5.273,200
1790105768.190,swift-product-service,3.104,200
1790105768.193,swift-order-service,3.033,200
1790105768.706,swift-user-service,2.515,200
1790105768.707,swift-product-service,1.657,200
1790105768.710,swift-order-service,2.876,200
1790105769.225,swift-user-service,4.875,200
1790105769.228,swift-product-service,2.794,200
1790105769.231,swift-order-service,2.824,200
1790105769.743,swift-user-service,1.578,200
1790105769.744,swift-product-service,0.957,200
1790105769.745,swift-order-service,0.987,200
1790105770.260,swift-user-service,4.912,200
1790105770.263,swift-product-service,3.170,200
1790105770.266,swift-order-service,3.043,200
1790105770.769,swift-user-service,1.949,200
1790105770.770,swift-product-service,0.999,200
1790105770.771,swift-order-service,1.096,200
1790105771.285,swift-user-service,5.256,200
1790105771.288,swift-product-service,3.149,200
1790105771.291,swift-order-service,2.726,200
1790105771.794,swift-user-service,1.574,200
1790105771.795,swift-product-service,1.054,200
1790105771.796,swift-order-service,1.062,200
1790105772.311,swift-user-service,4.810,200
1790105772.314,swift-product-service,2.763,200
1790105772.317,swift-order-service,2.554,200
1790105772.821,swift-user-service,1.713,200
1790105772.822,swift-product-service,1.162,200
1790105772.823,swift-order-service,0.997,200
1790105773.329,swift-user-service,5.232,200
1790105773.332,swift-product-service,3.134,200
1790105773.335,swift-order-service,2.696,200
1790105773.839,swift-user-service,3.008,200
1790105773.840,swift-product-service,1.318,200
1790105773.842,swift-order-service,1.190,200
1790105774.357,swift-user-service,5.560,200
1790105774.361,swift-product-service,3.255,200
1790105774.364,swift-order-service,3.084,200
1790105774.876,swift-user-service,1.779,200
1790105774.877,swift-product-service,1.011,200
1790105774.878,swift-order-service,1.027,200
1790105775.393,swift-user-service,5.135,200
1790105775.396,swift-product-service,3.032,200
1790105775.399,swift-order-service,2.908,200
1790105775.903,swift-user-service,1.546,200
1790105775.904,swift-product-service,0.961,200
1790105775.905,swift-order-service,1.011,200
1790105776.414,swift-user-service,5.774,200
1790105776.417,swift-product-service,3.294,200
1790105776.421,swift-order-service,3.249,200
1790105776.927,swift-user-service,2.157,200
1790105776.929,swift-product-service,1.819,200
1790105776.930,swift-order-service,1.522,200
1790105777.445,swift-user-service,5.040,200
1790105777.448,swift-product-service,3.203,200
1790105777.451,swift-order-service,2.468,200
1790105777.955,swift-user-service,2.098,200
1790105777.956,swift-product-service,1.122,200
1790105777.957,swift-order-service,1.091,200
1790105778.402,swift-user-service,5.869,200
1790105778.405,swift-product-service,3.566,200
1790105778.409,swift-order-service,3.257,200
1790105778.921,swift-user-service,2.500,200
1790105778.923,swift-product-service,1.585,200
1790105778.924,swift-order-service,1.394,200
1790105779.439,swift-user-service,4.931,200
1790105779.443,swift-product-service,3.376,200
1790105779.446,swift-order-service,3.376,200
1790105779.956,swift-user-service,1.910,200
1790105779.957,swift-product-service,1.204,200
1790105779.959,swift-order-service,1.389,200
1790105780.474,swift-user-service,5.092,200
1790105780.477,swift-product-service,2.959,200
1790105780.480,swift-order-service,2.785,200
1790105780.984,swift-user-service,1.672,200
1790105780.986,swift-product-service,1.272,200
1790105780.987,swift-order-service,1.080,200
1790105781.493,swift-user-service,5.372,200
1790105781.496,swift-product-service,3.153,200
1790105781.499,swift-order-service,2.901,200
1790105782.003,swift-user-service,2.344,200
1790105782.004,swift-product-service,1.218,200
1790105782.005,swift-order-service,1.529,200
1790105782.521,swift-user-service,5.542,200
1790105782.524,swift-product-service,2.887,200
1790105782.527,swift-order-service,2.894,200
1790105783.035,swift-user-service,2.294,200
1790105783.036,swift-product-service,1.156,200
1790105783.037,swift-order-service,1.409,200
1790105783.548,swift-user-service,5.278,200
1790105783.551,swift-product-service,3.301,200
1790105783.554,swift-order-service,3.001,200
1790105784.061,swift-user-service,2.555,200
1790105784.063,swift-product-service,1.141,200
1790105784.064,swift-order-service,1.166,200
1790105784.579,swift-user-service,5.265,200
1790105784.582,swift-product-service,3.372,200
1790105784.585,swift-order-service,2.902,200
1790105785.098,swift-user-service,2.300,200
1790105785.099,swift-product-service,1.443,200
1790105785.100,swift-order-service,1.041,200
1790105785.616,swift-user-service,5.093,200
1790105785.619,swift-product-service,3.361,200
1790105785.622,swift-order-service,2.833,200
1790105786.134,swift-user-service,2.047,200
1790105786.135,swift-product-service,0.974,200
1790105786.136,swift-order-service,1.096,200
1790105786.652,swift-user-service,5.594,200
1790105786.655,swift-product-service,3.390,200
1790105786.658,swift-order-service,3.057,200
1790105787.171,swift-user-service,1.951,200
1790105787.172,swift-product-service,1.221,200
1790105787.173,swift-order-service,1.158,200
1790105787.688,swift-user-service,5.073,200
1790105787.691,swift-product-service,3.128,200
1790105787.694,swift-order-service,2.669,200
1790105788.196,swift-user-service,1.835,200
1790105788.197,swift-product-service,1.085,200
1790105788.199,swift-order-service,1.363,200
1790105788.714,swift-user-service,5.206,200
1790105788.717,swift-product-service,3.016,200
1790105788.720,swift-order-service,2.744,200
1790105789.224,swift-user-service,2.476,200
1790105789.226,swift-product-service,1.179,200
1790105789.227,swift-order-service,1.153,200
1790105789.743,swift-user-service,5.609,200
1790105789.746,swift-product-service,3.158,200
1790105789.749,swift-order-service,3.116,200
1790105790.254,swift-user-service,1.709,200
1790105790.255,swift-product-service,1.033,200
1790105790.257,swift-order-service,1.308,200
1790105790.764,swift-user-service,5.034,200
1790105790.767,swift-product-service,3.361,200
1790105790.770,swift-order-service,2.807,200
1790105791.284,swift-user-service,3.359,200
1790105791.285,swift-product-service,1.265,200
1790105791.286,swift-order-service,1.348,200
1790105791.802,swift-user-service,5.325,200
1790105791.805,swift-product-service,3.151,200
1790105791.808,swift-order-service,2.933,200
1790105792.314,swift-user-service,1.963,200
1790105792.315,swift-product-service,1.075,200
1790105792.316,swift-order-service,1.334,200
1790105792.822,swift-user-service,5.374,200
1790105792.826,swift-product-service,3.203,200
1790105792.829,swift-order-service,3.054,200
1790105793.335,swift-user-service,1.643,200
1790105793.336,swift-product-service,1.052,200
1790105793.337,swift-order-service,1.208,200
1790105793.853,swift-user-service,5.847,200
1790105793.856,swift-product-service,3.357,200
1790105793.859,swift-order-service,2.871,200
1790105794.371,swift-user-service,1.780,200
1790105794.372,swift-product-service,0.974,200
1790105794.373,swift-order-service,0.986,200
1790105794.883,swift-user-service,5.222,200
1790105794.887,swift-product-service,3.748,200
1790105794.890,swift-order-service,2.787,200
1790105795.397,swift-user-service,3.096,200
1790105795.399,swift-product-service,1.684,200
1790105795.401,swift-order-service,2.016,200
1790105795.917,swift-user-service,5.652,200
1790105795.920,swift-product-service,3.247,200
1790105795.923,swift-order-service,3.000,200
1790105796.435,swift-user-service,2.904,200
1790105796.436,swift-product-service,1.469,200
1790105796.438,swift-order-service,1.775,200
1790105796.948,swift-user-service,4.717,200
1790105796.952,swift-product-service,3.660,200
1790105796.955,swift-order-service,3.048,200
1790105797.462,swift-user-service,2.644,200
1790105797.465,swift-product-service,2.879,200
1790105797.466,swift-order-service,1.660,200
1790105797.982,swift-user-service,6.087,200
1790105797.986,swift-product-service,3.494,200
1790105797.989,swift-order-service,2.973,200
1790105798.502,swift-user-service,2.640,200
1790105798.503,swift-product-service,1.252,200
1790105798.504,swift-order-service,1.357,200
1790105799.014,swift-user-service,4.526,200
1790105799.017,swift-product-service,3.058,200
1790105799.019,swift-order-service,2.795,200
1790105799.535,swift-user-service,5.231,200
1790105799.537,swift-product-service,2.394,200
1790105799.539,swift-order-service,1.798,200
1790105800.055,swift-user-service,5.888,200
1790105800.059,swift-product-service,3.440,200
1790105800.061,swift-order-service,2.772,200
1790105800.567,swift-user-service,4.361,200
1790105800.569,swift-product-service,2.530,200
1790105800.572,swift-order-service,2.674,200
1790105801.087,swift-user-service,5.445,200
1790105801.091,swift-product-service,3.130,200
1790105801.093,swift-order-service,2.776,200
1790105801.604,swift-user-service,5.618,200
1790105801.608,swift-product-service,3.691,200
1790105801.612,swift-order-service,4.493,200
1790105802.136,swift-user-service,13.507,200
1790105802.140,swift-product-service,3.857,200
1790105802.143,swift-order-service,3.054,200
1790105802.653,swift-user-service,5.532,200
1790105802.657,swift-product-service,3.507,200
1790105802.660,swift-order-service,3.069,200
1790105803.171,swift-user-service,5.473,200
1790105803.174,swift-product-service,3.190,200
1790105803.177,swift-order-service,2.913,200
1790105803.696,swift-user-service,7.014,200
1790105803.701,swift-product-service,4.015,200
1790105803.705,swift-order-service,4.081,200
1790105804.211,swift-user-service,2.723,200
1790105804.213,swift-product-service,2.033,200
1790105804.215,swift-order-service,2.129,200
1790105804.730,swift-user-service,5.078,200
1790105804.733,swift-product-service,2.994,200
1790105804.736,swift-order-service,2.509,200
1790105805.251,swift-user-service,5.544,200
1790105805.254,swift-product-service,3.138,200
1790105805.259,swift-order-service,4.424,200
1790105805.775,swift-user-service,5.510,200
1790105805.778,swift-product-service,3.782,200
1790105805.783,swift-order-service,4.256,200
1790105806.289,swift-user-service,1.990,200
1790105806.291,swift-product-service,1.544,200
1790105806.292,swift-order-service,1.461,200
1790105806.797,swift-user-service,4.765,200
1790105806.800,swift-product-service,2.981,200
1790105806.803,swift-order-service,2.837,200
1790105807.309,swift-user-service,3.082,200
1790105807.311,swift-product-service,2.120,200
1790105807.313,swift-order-service,2.375,200
1790105807.821,swift-user-service,5.470,200
1790105807.824,swift-product-service,3.122,200
1790105807.827,swift-order-service,2.829,200
1790105808.340,swift-user-service,4.219,200
1790105808.343,swift-product-service,2.629,200
1790105808.345,swift-order-service,2.434,200
1790105808.860,swift-user-service,5.180,200
1790105808.863,swift-product-service,3.143,200
1790105808.866,swift-order-service,2.822,200
1790105809.370,swift-user-service,2.505,200
1790105809.371,swift-product-service,1.025,200
1790105809.373,swift-order-service,1.709,200
1790105809.885,swift-user-service,5.495,200
1790105809.889,swift-product-service,3.191,200
1790105809.891,swift-order-service,2.809,200
1790105810.396,swift-user-service,4.411,200
1790105810.399,swift-product-service,2.415,200
1790105810.401,swift-order-service,2.588,200
1790105810.917,swift-user-service,5.453,200
1790105810.920,swift-product-service,3.258,200
1790105810.923,swift-order-service,3.130,200
1790105811.437,swift-user-service,2.879,200
1790105811.438,swift-product-service,1.784,200
1790105811.440,swift-order-service,1.823,200
1790105811.950,swift-user-service,4.695,200
1790105811.953,swift-product-service,3.107,200
1790105811.956,swift-order-service,2.769,200
1790105812.464,swift-user-service,3.728,200
1790105812.467,swift-product-service,2.351,200
1790105812.469,swift-order-service,2.535,200
1790105812.975,swift-user-service,4.418,200
1790105812.978,swift-product-service,3.003,200
1790105812.981,swift-order-service,2.772,200
1790105813.484,swift-user-service,1.664,200
1790105813.485,swift-product-service,1.165,200
1790105813.486,swift-order-service,1.080,200
1790105814.001,swift-user-service,5.181,200
1790105814.004,swift-product-service,3.141,200
1790105814.007,swift-order-service,2.765,200
1790105814.545,swift-user-service,28.385,200
1790105814.547,swift-product-service,2.278,200
1790105814.550,swift-order-service,2.376,200
1790105815.063,swift-user-service,5.759,200
1790105815.066,swift-product-service,3.347,200
1790105815.070,swift-order-service,3.182,200
1790105815.582,swift-user-service,4.863,200
1790105815.585,swift-product-service,3.136,200
1790105815.588,swift-order-service,3.184,200
1790105816.100,swift-user-service,5.385,200
1790105816.104,swift-product-service,3.263,200
1790105816.106,swift-order-service,2.756,200
1790105816.636,swift-user-service,27.843,200
1790105816.638,swift-product-service,1.418,200
1790105816.639,swift-order-service,1.377,200
1790105817.146,swift-user-service,4.651,200
1790105817.149,swift-product-service,2.909,200
1790105817.152,swift-order-service,2.840,200
1790105817.658,swift-user-service,2.114,200
1790105817.659,swift-product-service,1.161,200
1790105817.660,swift-order-service,1.103,200
1790105818.169,swift-user-service,5.461,200
1790105818.173,swift-product-service,3.404,200
1790105818.176,swift-order-service,3.115,200
1790105818.683,swift-user-service,2.857,200
1790105818.684,swift-product-service,1.028,200
1790105818.685,swift-order-service,1.124,200
1790105819.192,swift-user-service,2.653,200
1790105819.194,swift-product-service,1.665,200
1790105819.195,swift-order-service,1.327,200
1790105819.707,swift-user-service,2.406,200
1790105819.708,swift-product-service,1.331,200
1790105819.709,swift-order-service,1.030,200
1790105820.224,swift-user-service,5.534,200
1790105820.227,swift-product-service,3.385,200
1790105820.230,swift-order-service,2.945,200
1790105820.742,swift-user-service,5.587,200
1790105820.745,swift-product-service,3.459,200
1790105820.749,swift-order-service,3.176,200
1790105821.252,swift-user-service,2.628,200
1790105821.254,swift-product-service,1.722,200
1790105821.255,swift-order-service,1.379,200
1790105821.763,swift-user-service,1.633,200
1790105821.764,swift-product-service,0.975,200
1790105821.765,swift-order-service,0.914,200
1790105822.277,swift-user-service,4.380,200
1790105822.280,swift-product-service,2.944,200
1790105822.283,swift-order-service,2.820,200
1790105822.788,swift-user-service,2.829,200
1790105822.789,swift-product-service,1.017,200
1790105822.790,swift-order-service,1.090,200
1790105823.298,swift-user-service,5.224,200
1790105823.301,swift-product-service,3.344,200
1790105823.304,swift-order-service,2.646,200
1790105823.806,swift-user-service,1.561,200
1790105823.807,swift-product-service,0.986,200
1790105823.808,swift-order-service,1.141,200
1790105824.321,swift-user-service,5.727,200
1790105824.324,swift-product-service,3.082,200
1790105824.327,swift-order-service,2.775,200
1790105824.837,swift-user-service,2.910,200
1790105824.838,swift-product-service,1.031,200
1790105824.840,swift-order-service,1.161,200
1790105825.352,swift-user-service,5.344,200
1790105825.356,swift-product-service,3.258,200
1790105825.358,swift-order-service,2.647,200
1790105825.871,swift-user-service,4.978,200
1790105825.874,swift-product-service,2.995,200
1790105825.877,swift-order-service,3.193,200
1790105826.388,swift-user-service,2.627,200
1790105826.390,swift-product-service,2.046,200
1790105826.391,swift-order-service,1.787,200
1790105826.904,swift-user-service,2.729,200
1790105826.906,swift-product-service,1.406,200
1790105826.907,swift-order-service,1.196,200
1790105827.421,swift-user-service,4.955,200
1790105827.424,swift-product-service,3.158,200
1790105827.427,swift-order-service,2.855,200
1790105827.933,swift-user-service,2.239,200
1790105827.934,swift-product-service,1.111,200
1790105827.935,swift-order-service,1.249,200
1790105828.443,swift-user-service,5.261,200
1790105828.446,swift-product-service,3.030,200
1790105828.449,swift-order-service,3.264,200
1790105828.962,swift-user-service,2.997,200
1790105828.964,swift-product-service,1.672,200
1790105828.966,swift-order-service,1.439,200
1790105829.471,swift-user-service,5.291,200
1790105829.475,swift-product-service,3.240,200
1790105829.477,swift-order-service,2.772,200
1790105829.981,swift-user-service,1.983,200
1790105829.982,swift-product-service,1.093,200
1790105829.983,swift-order-service,1.185,200
1790105830.495,swift-user-service,5.060,200
1790105830.498,swift-product-service,3.178,200
1790105830.500,swift-order-service,2.703,200
1790105831.017,swift-user-service,5.823,200
1790105831.020,swift-product-service,3.135,200
1790105831.023,swift-order-service,3.148,200
1790105831.535,swift-user-service,7.306,200
1790105831.537,swift-product-service,1.643,200
1790105831.538,swift-order-service,1.614,200
1790105832.051,swift-user-service,2.462,200
1790105832.053,swift-product-service,1.778,200
1790105832.054,swift-order-service,1.490,200
1790105832.561,swift-user-service,5.210,200
1790105832.564,swift-product-service,3.084,200
1790105832.567,swift-order-service,3.309,200
1790105833.071,swift-user-service,2.924,200
1790105833.073,swift-product-service,1.341,200
1790105833.074,swift-order-service,1.692,200
1790105833.588,swift-user-service,5.189,200
1790105833.591,swift-product-service,3.326,200
1790105833.594,swift-order-service,3.009,200
1790105834.107,swift-user-service,2.448,200
1790105834.108,swift-product-service,1.423,200
1790105834.110,swift-order-service,1.686,200
1790105834.626,swift-user-service,5.329,200
1790105834.629,swift-product-service,3.048,200
1790105834.632,swift-order-service,2.889,200
1790105835.138,swift-user-service,2.837,200
1790105835.139,swift-product-service,1.196,200
1790105835.140,swift-order-service,1.386,200
1790105835.656,swift-user-service,5.078,200
1790105835.659,swift-product-service,3.289,200
1790105835.662,swift-order-service,2.964,200
1790105836.169,swift-user-service,3.431,200
1790105836.171,swift-product-service,2.521,200
1790105836.173,swift-order-service,1.931,200
1790105836.678,swift-user-service,2.445,200
1790105836.680,swift-product-service,1.494,200
1790105836.681,swift-order-service,1.144,200
1790105837.192,swift-user-service,3.487,200
1790105837.194,swift-product-service,1.550,200
1790105837.196,swift-order-service,1.513,200
1790105837.711,swift-user-service,5.160,200
1790105837.714,swift-product-service,2.996,200
1790105837.717,swift-order-service,2.856,200
1790105838.230,swift-user-service,2.822,200
1790105838.231,swift-product-service,1.581,200
1790105838.233,swift-order-service,1.582,200
1790105838.748,swift-user-service,5.372,200
1790105838.752,swift-product-service,3.413,200
1790105838.755,swift-order-service,2.925,200
1790105839.270,swift-user-service,5.107,200
1790105839.273,swift-product-service,2.920,200
1790105839.276,swift-order-service,2.782,200
1790105839.790,swift-user-service,4.661,200
1790105839.793,swift-product-service,2.769,200
1790105839.796,swift-order-service,2.827,200
1790105840.304,swift-user-service,2.845,200
1790105840.306,swift-product-service,1.919,200
1790105840.308,swift-order-service,1.944,200
1790105840.818,swift-user-service,5.102,200
1790105840.821,swift-product-service,3.226,200
1790105840.824,swift-order-service,2.685,200
1790105841.331,swift-user-service,6.139,200
1790105841.334,swift-product-service,3.086,200
1790105841.337,swift-order-service,3.013,200
1790105841.850,swift-user-service,2.688,200
1790105841.852,swift-product-service,2.073,200
1790105841.854,swift-order-service,1.798,200
1790105842.363,swift-user-service,3.796,200
1790105842.366,swift-product-service,3.232,200
1790105842.369,swift-order-service,2.946,200
1790105842.880,swift-user-service,4.174,200
1790105842.882,swift-product-service,2.352,200
1790105842.885,swift-order-service,2.666,200
1790105843.395,swift-user-service,5.954,200
1790105843.399,swift-product-service,3.452,200
1790105843.402,swift-order-service,2.882,200
1790105843.914,swift-user-service,5.256,200
1790105843.917,swift-product-service,3.018,200
1790105843.920,swift-order-service,3.010,200
1790105844.435,swift-user-service,5.496,200
1790105844.439,swift-product-service,3.179,200
1790105844.441,swift-order-service,2.750,200
1790105844.959,swift-user-service,7.362,200
1790105844.964,swift-product-service,4.495,200
1790105844.967,swift-order-service,2.973,200
1790105845.477,swift-user-service,4.643,200
1790105845.480,swift-product-service,2.969,200
1790105845.483,swift-order-service,2.749,200
1790105845.992,swift-user-service,4.615,200
1790105845.995,swift-product-service,2.654,200
1790105845.998,swift-order-service,2.915,200
1790105846.511,swift-user-service,5.343,200
1790105846.514,swift-product-service,3.229,200
1790105846.517,swift-order-service,2.818,200
1790105847.035,swift-user-service,7.701,200
1790105847.040,swift-product-service,4.816,200
1790105847.043,swift-order-service,2.689,200
1790105847.553,swift-user-service,5.256,200
1790105847.556,swift-product-service,3.436,200
1790105847.559,swift-order-service,2.907,200
1790105848.070,swift-user-service,4.268,200
1790105848.073,swift-product-service,2.974,200
1790105848.076,swift-order-service,3.070,200
1790105848.590,swift-user-service,5.187,200
1790105848.593,swift-product-service,2.990,200
1790105848.596,swift-order-service,3.016,200
1790105849.103,swift-user-service,4.007,200
1790105849.106,swift-product-service,3.175,200
1790105849.109,swift-order-service,2.853,200
1790105849.619,swift-user-service,6.071,200
1790105849.623,swift-product-service,3.163,200
1790105849.625,swift-order-service,2.831,200
1790105850.141,swift-user-service,5.198,200
1790105850.144,swift-product-service,3.188,200
1790105850.147,swift-order-service,3.116,200
1790105850.657,swift-user-service,5.106,200
1790105850.660,swift-product-service,3.430,200
1790105850.663,swift-order-service,2.686,200
1790105851.181,swift-user-service,7.200,200
1790105851.186,swift-product-service,5.842,200
1790105851.190,swift-order-service,3.656,200
1790105851.706,swift-user-service,5.762,200
1790105851.710,swift-product-service,3.415,200
1790105851.713,swift-order-service,3.296,200
1790105852.236,swift-user-service,12.523,200
1790105852.238,swift-product-service,2.192,200
1790105852.240,swift-order-service,1.894,200
1790105852.755,swift-user-service,5.372,200
1790105852.759,swift-product-service,3.228,200
1790105852.761,swift-order-service,2.928,200
1790105853.270,swift-user-service,2.059,200
1790105853.271,swift-product-service,1.174,200
1790105853.272,swift-order-service,1.064,200
1790105853.787,swift-user-service,6.076,200
1790105853.790,swift-product-service,3.233,200
1790105853.794,swift-order-service,3.075,200
1790105854.342,swift-user-service,38.006,200
1790105854.344,swift-product-service,2.033,200
1790105854.346,swift-order-service,1.848,200
1790105854.861,swift-user-service,5.351,200
1790105854.864,swift-product-service,3.176,200
1790105854.867,swift-order-service,2.862,200
1790105855.372,swift-user-service,2.213,200
1790105855.373,swift-product-service,1.051,200
1790105855.374,swift-order-service,1.086,200
1790105855.888,swift-user-service,5.866,200
1790105855.891,swift-product-service,3.250,200
1790105855.894,swift-order-service,2.791,200
1790105856.400,swift-user-service,4.827,200
1790105856.403,swift-product-service,3.193,200
1790105856.407,swift-order-service,3.248,200
1790105856.921,swift-user-service,5.515,200
1790105856.925,swift-product-service,3.234,200
1790105856.927,swift-order-service,2.786,200
1790105857.434,swift-user-service,2.446,200
1790105857.436,swift-product-service,1.842,200
1790105857.437,swift-order-service,1.456,200
1790105857.953,swift-user-service,5.661,200
1790105857.956,swift-product-service,3.451,200
1790105857.959,swift-order-service,2.822,200
1790105858.466,swift-user-service,1.721,200
1790105858.467,swift-product-service,0.979,200
1790105858.468,swift-order-service,0.978,200
1790105858.979,swift-user-service,5.486,200
1790105858.982,swift-product-service,3.279,200
1790105858.985,swift-order-service,2.890,200
1790105859.545,swift-user-service,49.673,200
1790105859.548,swift-product-service,2.927,200
1790105859.550,swift-order-service,2.787,200
1790105860.060,swift-user-service,5.775,200
1790105860.063,swift-product-service,3.415,200
1790105860.066,swift-order-service,3.147,200
1790105860.578,swift-user-service,1.854,200
1790105860.579,swift-product-service,0.958,200
1790105860.580,swift-order-service,0.999,200
1790105861.095,swift-user-service,5.094,200
1790105861.099,swift-product-service,3.268,200
1790105861.102,swift-order-service,2.997,200
1790105861.613,swift-user-service,4.972,200
1790105861.616,swift-product-service,3.039,200
1790105861.619,swift-order-service,3.293,200
1790105862.128,swift-user-service,6.097,200
1790105862.131,swift-product-service,3.363,200
1790105862.134,swift-order-service,2.928,200
1790105862.649,swift-user-service,5.645,200
1790105862.651,swift-product-service,2.527,200
1790105862.655,swift-order-service,3.165,200
1790105863.167,swift-user-service,5.050,200
1790105863.170,swift-product-service,3.219,200
1790105863.173,swift-order-service,2.931,200
1790105863.686,swift-user-service,2.830,200
1790105863.687,swift-product-service,1.638,200
1790105863.689,swift-order-service,1.804,200
1790105864.201,swift-user-service,5.983,200
1790105864.204,swift-product-service,3.713,200
1790105864.207,swift-order-service,2.689,200
1790105864.744,swift-user-service,28.649,200
1790105864.747,swift-product-service,2.902,200
1790105864.749,swift-order-service,2.010,200
1790105865.264,swift-user-service,5.158,200
1790105865.267,swift-product-service,3.105,200
1790105865.270,swift-order-service,2.775,200
1790105865.780,swift-user-service,2.629,200
1790105865.781,swift-product-service,1.434,200
1790105865.783,swift-order-service,1.960,200
1790105866.288,swift-user-service,2.945,200
1790105866.290,swift-product-service,1.476,200
1790105866.292,swift-order-service,1.624,200
1790105866.804,swift-user-service,5.582,200
1790105866.807,swift-product-service,3.410,200
1790105866.810,swift-order-service,2.894,200
1790105867.326,swift-user-service,5.230,200
1790105867.329,swift-product-service,3.307,200
1790105867.332,swift-order-service,3.017,200
1790105867.837,swift-user-service,2.816,200
1790105867.839,swift-product-service,1.816,200
1790105867.841,swift-order-service,1.929,200
1790105868.351,swift-user-service,4.995,200
1790105868.355,swift-product-service,3.259,200
1790105868.357,swift-order-service,2.814,200
1790105868.862,swift-user-service,3.173,200
1790105868.864,swift-product-service,1.754,200
1790105868.866,swift-order-service,1.712,200
1790105869.372,swift-user-service,4.984,200
1790105869.376,swift-product-service,3.351,200
1790105869.378,swift-order-service,2.612,200
1790105869.944,swift-user-service,55.821,200
1790105869.947,swift-product-service,2.825,200
1790105869.950,swift-order-service,2.612,200
1790105870.460,swift-user-service,4.458,200
1790105870.463,swift-product-service,3.125,200
1790105870.466,swift-order-service,2.903,200
1790105870.979,swift-user-service,4.260,200
1790105870.981,swift-product-service,2.722,200
1790105870.984,swift-order-service,2.995,200
1790105871.500,swift-user-service,5.279,200
1790105871.503,swift-product-service,3.276,200
1790105871.506,swift-order-service,2.974,200
1790105872.017,swift-user-service,4.993,200
1790105872.020,swift-product-service,2.833,200
1790105872.023,swift-order-service,2.864,200
1790105872.529,swift-user-service,4.200,200
1790105872.532,swift-product-service,2.904,200
1790105872.535,swift-order-service,2.779,200
1790105873.044,swift-user-service,2.467,200
1790105873.045,swift-product-service,1.551,200
1790105873.047,swift-order-service,1.362,200
1790105873.555,swift-user-service,5.613,200
1790105873.558,swift-product-service,3.391,200
1790105873.561,swift-order-service,3.089,200
1790105874.071,swift-user-service,5.398,200
1790105874.074,swift-product-service,2.933,200
1790105874.076,swift-order-service,2.818,200
1790105874.588,swift-user-service,5.873,200
1790105874.591,swift-product-service,3.185,200
1790105874.594,swift-order-service,2.881,200
1790105875.135,swift-user-service,35.900,200
1790105875.137,swift-product-service,1.845,200
1790105875.138,swift-order-service,1.621,200
1790105875.645,swift-user-service,5.262,200
1790105875.651,swift-product-service,5.120,200
1790105875.664,swift-order-service,12.941,200
1790105876.170,swift-user-service,4.400,200
1790105876.172,swift-product-service,2.566,200
1790105876.175,swift-order-service,2.804,200
1790105876.687,swift-user-service,5.595,200
1790105876.691,swift-product-service,3.470,200
1790105876.694,swift-order-service,3.215,200
1790105877.199,swift-user-service,5.162,200
1790105877.202,swift-product-service,2.838,200
1790105877.205,swift-order-service,3.036,200
1790105877.711,swift-user-service,4.788,200
1790105877.715,swift-product-service,3.206,200
1790105877.717,swift-order-service,2.673,200
1790105878.229,swift-user-service,2.019,200
1790105878.230,swift-product-service,1.094,200
1790105878.232,swift-order-service,1.082,200
1790105878.740,swift-user-service,3.281,200
1790105878.742,swift-product-service,2.639,200
1790105878.745,swift-order-service,2.463,200
1790105879.247,swift-user-service,2.212,200
1790105879.249,swift-product-service,1.602,200
1790105879.250,swift-order-service,1.598,200
1790105879.764,swift-user-service,4.066,200
1790105879.767,swift-product-service,2.788,200
1790105879.770,swift-order-service,2.465,200
1790105880.282,swift-user-service,1.721,200
1790105880.283,swift-product-service,1.073,200
1790105880.284,swift-order-service,1.006,200
1790105880.792,swift-user-service,5.080,200
1790105880.795,swift-product-service,2.777,200
1790105880.798,swift-order-service,3.267,200
1790105881.308,swift-user-service,2.668,200
1790105881.309,swift-product-service,1.260,200
1790105881.311,swift-order-service,1.141,200
1790105881.819,swift-user-service,5.167,200
1790105881.823,swift-product-service,4.075,200
1790105881.826,swift-order-service,3.605,200
1790105882.342,swift-user-service,5.002,200
1790105882.344,swift-product-service,2.915,200
1790105882.348,swift-order-service,3.047,200
1790105882.861,swift-user-service,5.591,200
1790105882.864,swift-product-service,2.865,200
1790105882.867,swift-order-service,3.026,200
1790105883.381,swift-user-service,3.501,200
1790105883.383,swift-product-service,2.068,200
1790105883.385,swift-order-service,1.632,200
1790105883.888,swift-user-service,1.684,200
1790105883.890,swift-product-service,1.482,200
1790105883.891,swift-order-service,1.470,200
1790105884.397,swift-user-service,3.094,200
1790105884.398,swift-product-service,1.781,200
1790105884.400,swift-order-service,1.722,200
1790105884.913,swift-user-service,3.079,200
1790105884.915,swift-product-service,2.099,200
1790105884.918,swift-order-service,2.424,200
1790105885.430,swift-user-service,2.384,200
1790105885.431,swift-product-service,1.292,200
1790105885.433,swift-order-service,1.698,200
1790105885.942,swift-user-service,4.708,200
1790105885.945,swift-product-service,2.793,200
1790105885.948,swift-order-service,3.155,200
1790105886.464,swift-user-service,5.399,200
1790105886.467,swift-product-service,3.114,200
1790105886.470,swift-order-service,3.067,200
1790105886.978,swift-user-service,2.321,200
1790105886.980,swift-product-service,1.593,200
1790105886.981,swift-order-service,1.153,200
1790105887.487,swift-user-service,5.329,200
1790105887.490,swift-product-service,3.016,200
1790105887.494,swift-order-service,3.810,200
1790105888.008,swift-user-service,4.517,200
1790105888.011,swift-product-service,2.469,200
1790105888.014,swift-order-service,2.831,200
1790105888.526,swift-user-service,2.213,200
1790105888.527,swift-product-service,1.118,200
1790105888.528,swift-order-service,1.402,200
1790105889.039,swift-user-service,2.923,200
1790105889.041,swift-product-service,1.765,200
1790105889.042,swift-order-service,1.690,200
1790105889.554,swift-user-service,5.239,200
1790105889.557,swift-product-service,2.945,200
1790105889.560,swift-order-service,3.367,200
1790105890.066,swift-user-service,4.679,200
1790105890.068,swift-product-service,2.846,200
1790105890.071,swift-order-service,2.817,200
1790105890.576,swift-user-service,2.770,200
1790105890.578,swift-product-service,1.801,200
1790105890.579,swift-order-service,1.795,200
1790105891.085,swift-user-service,2.794,200
1790105891.086,swift-product-service,1.259,200
1790105891.087,swift-order-service,1.289,200
1790105891.597,swift-user-service,2.736,200
1790105891.598,swift-product-service,1.730,200
1790105891.600,swift-order-service,1.306,200
1790105892.107,swift-user-service,4.475,200
1790105892.110,swift-product-service,2.890,200
1790105892.113,swift-order-service,2.726,200
1790105892.619,swift-user-service,5.311,200
1790105892.623,swift-product-service,3.042,200
1790105892.625,swift-order-service,2.812,200
1790105893.137,swift-user-service,4.411,200
1790105893.139,swift-product-service,2.592,200
1790105893.142,swift-order-service,2.386,200
1790105893.655,swift-user-service,2.849,200
1790105893.657,swift-product-service,1.987,200
1790105893.659,swift-order-service,1.938,200
1790105894.165,swift-user-service,1.557,200
1790105894.166,swift-product-service,1.218,200
1790105894.167,swift-order-service,1.064,200
1790105894.678,swift-user-service,3.950,200
1790105894.680,swift-product-service,2.601,200
1790105894.683,swift-order-service,2.850,200
1790105895.190,swift-user-service,4.530,200
1790105895.192,swift-product-service,2.560,200
1790105895.195,swift-order-service,2.667,200
1790105895.738,swift-user-service,32.723,200
1790105895.740,swift-product-service,1.844,200
1790105895.742,swift-order-service,1.738,200
1790105896.252,swift-user-service,4.051,200
1790105896.255,swift-product-service,3.089,200
1790105896.258,swift-order-service,2.820,200
1790105896.765,swift-user-service,2.534,200
1790105896.767,swift-product-service,1.407,200
1790105896.769,swift-order-service,1.670,200
1790105897.280,swift-user-service,4.638,200
1790105897.284,swift-product-service,3.608,200
1790105897.288,swift-order-service,3.395,200
1790105897.794,swift-user-service,5.141,200
1790105897.797,swift-product-service,2.985,200
1790105897.800,swift-order-service,3.130,200
1790105898.303,swift-user-service,2.977,200
1790105898.305,swift-product-service,1.751,200
1790105898.307,swift-order-service,1.716,200
1790105898.817,swift-user-service,2.389,200
1790105898.818,swift-product-service,1.337,200
1790105898.819,swift-order-service,1.244,200
1790105899.333,swift-user-service,3.339,200
1790105899.335,swift-product-service,1.679,200
1790105899.337,swift-order-service,1.542,200
1790105899.851,swift-user-service,5.495,200
1790105899.854,swift-product-service,3.212,200
1790105899.858,swift-order-service,3.094,200
1790105900.368,swift-user-service,5.349,200
1790105900.371,swift-product-service,2.847,200
1790105900.374,swift-order-service,3.085,200
1790105900.887,swift-user-service,2.556,200
1790105900.888,swift-product-service,1.447,200
1790105900.890,swift-order-service,1.307,200
1790105901.396,swift-user-service,5.314,200
1790105901.400,swift-product-service,3.902,200
1790105901.404,swift-order-service,4.029,200
1790105901.943,swift-user-service,28.340,200
1790105901.944,swift-product-service,1.534,200
1790105901.946,swift-order-service,1.831,200
1790105902.458,swift-user-service,5.221,200
1790105902.461,swift-product-service,3.085,200
1790105902.464,swift-order-service,3.300,200
1790105902.977,swift-user-service,5.076,200
1790105902.980,swift-product-service,3.325,200
1790105902.983,swift-order-service,3.009,200
1790105903.493,swift-user-service,2.443,200
1790105903.495,swift-product-service,2.060,200
1790105903.497,swift-order-service,1.977,200
1790105904.010,swift-user-service,3.127,200
1790105904.012,swift-product-service,1.861,200
1790105904.014,swift-order-service,2.274,200
1790105904.527,swift-user-service,2.942,200
1790105904.528,swift-product-service,1.560,200
1790105904.530,swift-order-service,1.916,200
1790105905.041,swift-user-service,5.491,200
1790105905.045,swift-product-service,3.344,200
1790105905.048,swift-order-service,2.920,200
1790105905.559,swift-user-service,8.226,200
1790105905.563,swift-product-service,3.773,200
1790105905.565,swift-order-service,2.371,200
1790105906.077,swift-user-service,2.137,200
1790105906.079,swift-product-service,1.279,200
1790105906.080,swift-order-service,1.285,200
1790105906.584,swift-user-service,4.234,200
1790105906.587,swift-product-service,2.332,200
1790105906.589,swift-order-service,2.159,200
1790105907.136,swift-user-service,38.740,200
1790105907.137,swift-product-service,1.537,200
1790105907.139,swift-order-service,1.650,200
1790105907.644,swift-user-service,4.636,200
1790105907.647,swift-product-service,2.868,200
1790105907.650,swift-order-service,2.626,200
1790105908.165,swift-user-service,5.023,200
1790105908.168,swift-product-service,3.145,200
1790105908.171,swift-order-service,3.209,200
1790105908.682,swift-user-service,2.457,200
1790105908.683,swift-product-service,1.867,200
1790105908.685,swift-order-service,1.602,200
1790105909.199,swift-user-service,3.919,200
1790105909.202,swift-product-service,2.899,200
1790105909.205,swift-order-service,2.824,200
1790105909.716,swift-user-service,3.939,200
1790105909.720,swift-product-service,3.230,200
1790105909.726,swift-order-service,6.057,200
1790105910.231,swift-user-service,4.336,200
1790105910.234,swift-product-service,2.866,200
1790105910.237,swift-order-service,2.735,200
1790105910.752,swift-user-service,5.295,200
1790105910.756,swift-product-service,4.130,200
1790105910.760,swift-order-service,3.151,200
1790105911.263,swift-user-service,3.222,200
1790105911.266,swift-product-service,2.395,200
1790105911.268,swift-order-service,1.781,200
1790105911.783,swift-user-service,5.588,200
1790105911.788,swift-product-service,4.547,200
1790105911.792,swift-order-service,4.015,200
1790105912.296,swift-user-service,2.296,200
1790105912.297,swift-product-service,1.056,200
1790105912.298,swift-order-service,1.143,200
1790105912.812,swift-user-service,5.179,200
1790105912.815,swift-product-service,3.207,200
1790105912.818,swift-order-service,2.987,200
1790105913.328,swift-user-service,5.350,200
1790105913.332,swift-product-service,3.234,200
1790105913.335,swift-order-service,2.980,200
1790105913.847,swift-user-service,2.706,200
1790105913.849,swift-product-service,1.790,200
1790105913.851,swift-order-service,1.385,200
1790105914.360,swift-user-service,5.978,200
1790105914.363,swift-product-service,2.666,200
1790105914.365,swift-order-service,2.215,200
1790105914.877,swift-user-service,5.558,200
1790105914.880,swift-product-service,3.266,200
1790105914.883,swift-order-service,2.809,200
1790105915.399,swift-user-service,5.971,200
1790105915.404,swift-product-service,4.387,200
1790105915.408,swift-order-service,4.460,200
1790105915.919,swift-user-service,4.984,200
1790105915.922,swift-product-service,3.147,200
1790105915.925,swift-order-service,2.907,200
1790105916.435,swift-user-service,3.512,200
1790105916.438,swift-product-service,2.486,200
1790105916.439,swift-order-service,1.736,200
1790105916.951,swift-user-service,5.238,200
1790105916.955,swift-product-service,3.208,200
1790105916.958,swift-order-service,3.067,200
1790105917.465,swift-user-service,1.587,200
1790105917.466,swift-product-service,0.981,200
1790105917.467,swift-order-service,0.991,200
1790105917.971,swift-user-service,4.017,200
1790105917.974,swift-product-service,2.480,200
1790105917.976,swift-order-service,2.854,200
1790105918.488,swift-user-service,4.847,200
1790105918.491,swift-product-service,2.997,200
1790105918.494,swift-order-service,2.977,200
1790105919.006,swift-user-service,2.125,200
1790105919.008,swift-product-service,1.573,200
1790105919.009,swift-order-service,1.470,200
1790105919.513,swift-user-service,2.770,200
1790105919.514,swift-product-service,1.691,200
1790105919.516,swift-order-service,1.716,200
1790105920.032,swift-user-service,5.633,200
1790105920.036,swift-product-service,3.619,200
1790105920.039,swift-order-service,3.701,200
1790105920.547,swift-user-service,5.559,200
1790105920.550,swift-product-service,3.473,200
1790105920.554,swift-order-service,3.346,200
1790105921.064,swift-user-service,5.039,200
1790105921.067,swift-product-service,2.879,200
1790105921.070,swift-order-service,2.821,200
1790105921.582,swift-user-service,2.077,200
1790105921.584,swift-product-service,1.168,200
1790105921.585,swift-order-service,1.137,200
1790105922.097,swift-user-service,4.931,200
1790105922.100,swift-product-service,2.995,200
1790105922.103,swift-order-service,2.837,200
1790105922.638,swift-user-service,27.670,200
1790105922.640,swift-product-service,2.108,200
1790105922.642,swift-order-service,2.056,200
1790105923.157,swift-user-service,5.176,200
1790105923.160,swift-product-service,3.029,200
1790105923.163,swift-order-service,2.684,200
1790105923.667,swift-user-service,4.281,200
1790105923.670,swift-product-service,2.695,200
1790105923.673,swift-order-service,2.843,200
1790105924.179,swift-user-service,2.291,200
1790105924.180,swift-product-service,1.234,200
1790105924.181,swift-order-service,1.157,200
1790105924.686,swift-user-service,2.053,200
1790105924.688,swift-product-service,1.653,200
1790105924.689,swift-order-service,1.633,200
1790105925.199,swift-user-service,4.924,200
1790105925.202,swift-product-service,3.059,200
1790105925.205,swift-order-service,2.899,200
1790105925.718,swift-user-service,5.185,200
1790105925.721,swift-product-service,3.079,200
1790105925.724,swift-order-service,3.047,200
1790105926.231,swift-user-service,4.758,200
1790105926.234,swift-product-service,2.927,200
1790105926.237,swift-order-service,2.805,200
1790105926.745,swift-user-service,2.859,200
1790105926.746,swift-product-service,1.192,200
1790105926.747,swift-order-service,1.499,200
1790105927.263,swift-user-service,5.156,200
1790105927.266,swift-product-service,3.024,200
1790105927.269,swift-order-service,2.961,200
1790105927.839,swift-user-service,68.968,200
1790105927.842,swift-product-service,2.837,200
1790105927.844,swift-order-service,2.497,200
1790105928.355,swift-user-service,5.495,200
1790105928.358,swift-product-service,3.457,200
1790105928.361,swift-order-service,2.859,200
1790105928.866,swift-user-service,4.118,200
1790105928.869,swift-product-service,2.680,200
1790105928.872,swift-order-service,2.835,200
1790105929.384,swift-user-service,2.287,200
1790105929.386,swift-product-service,1.469,200
1790105929.387,swift-order-service,1.454,200
1790105929.894,swift-user-service,2.282,200
1790105929.895,swift-product-service,1.013,200
1790105929.897,swift-order-service,1.064,200
1790105930.402,swift-user-service,3.875,200
1790105930.404,swift-product-service,2.894,200
1790105930.407,swift-order-service,2.563,200
1790105930.922,swift-user-service,5.470,200
1790105930.925,swift-product-service,3.020,200
1790105930.928,swift-order-service,3.119,200
1790105931.439,swift-user-service,5.100,200
1790105931.442,swift-product-service,3.076,200
1790105931.444,swift-order-service,2.696,200
1790105931.949,swift-user-service,3.102,200
1790105931.951,swift-product-service,1.786,200
1790105931.953,swift-order-service,2.133,200
1790105932.461,swift-user-service,5.317,200
1790105932.464,swift-product-service,3.088,200
1790105932.467,swift-order-service,2.818,200
1790105932.980,swift-user-service,2.786,200
1790105932.982,swift-product-service,1.625,200
1790105932.984,swift-order-service,1.726,200
1790105933.499,swift-user-service,5.348,200
1790105933.502,swift-product-service,3.225,200
1790105933.505,swift-order-service,2.868,200
1790105934.015,swift-user-service,2.287,200
1790105934.016,swift-product-service,1.212,200
1790105934.017,swift-order-service,1.089,200
1790105934.526,swift-user-service,2.517,200
1790105934.528,swift-product-service,1.546,200
1790105934.529,swift-order-service,1.325,200
1790105935.033,swift-user-service,2.420,200
1790105935.034,swift-product-service,1.451,200
1790105935.036,swift-order-service,1.442,200
1790105935.552,swift-user-service,5.510,200
1790105935.556,swift-product-service,4.361,200
1790105935.559,swift-order-service,3.278,200
1790105936.069,swift-user-service,4.947,200
1790105936.072,swift-product-service,2.874,200
1790105936.075,swift-order-service,3.026,200
1790105936.586,swift-user-service,5.221,200
1790105936.589,swift-product-service,3.182,200
1790105936.592,swift-order-service,2.830,200
1790105937.108,swift-user-service,5.467,200
1790105937.111,swift-product-service,2.723,200
1790105937.114,swift-order-service,2.766,200
1790105937.623,swift-user-service,2.146,200
1790105937.624,swift-product-service,1.699,200
1790105937.626,swift-order-service,1.599,200
1790105938.131,swift-user-service,2.581,200
1790105938.132,swift-product-service,1.716,200
1790105938.134,swift-order-service,1.695,200
1790105938.650,swift-user-service,5.306,200
1790105938.653,swift-product-service,3.567,200
1790105938.656,swift-order-service,3.273,200
1790105939.162,swift-user-service,2.229,200
1790105939.164,swift-product-service,2.069,200
1790105939.166,swift-order-service,2.073,200
1790105939.679,swift-user-service,2.928,200
1790105939.681,swift-product-service,1.880,200
1790105939.683,swift-order-service,1.782,200
1790105940.189,swift-user-service,2.723,200
1790105940.191,swift-product-service,1.454,200
1790105940.192,swift-order-service,1.499,200
1790105940.708,swift-user-service,5.218,200
1790105940.711,swift-product-service,3.321,200
1790105940.714,swift-order-service,2.777,200
1790105941.229,swift-user-service,5.209,200
1790105941.233,swift-product-service,3.160,200
1790105941.236,swift-order-service,2.963,200
1790105941.751,swift-user-service,5.684,200
1790105941.755,swift-product-service,3.468,200
1790105941.758,swift-order-service,3.055,200
1790105942.270,swift-user-service,4.671,200
1790105942.273,swift-product-service,3.060,200
1790105942.276,swift-order-service,2.909,200
1790105942.791,swift-user-service,4.673,200
1790105942.794,swift-product-service,2.987,200
1790105942.797,swift-order-service,2.612,200
1790105943.309,swift-user-service,2.227,200
1790105943.310,swift-product-service,1.267,200
1790105943.312,swift-order-service,1.218,200
1790105943.825,swift-user-service,5.394,200
1790105943.828,swift-product-service,3.264,200
1790105943.831,swift-order-service,3.156,200
1790105944.345,swift-user-service,2.971,200
1790105944.346,swift-product-service,1.766,200
1790105944.348,swift-order-service,1.843,200
1790105944.855,swift-user-service,5.306,200
1790105944.858,swift-product-service,3.379,200
1790105944.861,swift-order-service,2.772,200
1790105945.365,swift-user-service,3.539,200
1790105945.367,swift-product-service,1.726,200
1790105945.369,swift-order-service,2.035,200
1790105945.879,swift-user-service,4.999,200
1790105945.882,swift-product-service,3.165,200
1790105945.885,swift-order-service,2.665,200
1790105946.398,swift-user-service,5.295,200
1790105946.401,swift-product-service,3.160,200
1790105946.404,swift-order-service,3.088,200
1790105946.919,swift-user-service,6.623,200
1790105946.922,swift-product-service,3.314,200
1790105946.926,swift-order-service,3.751,200
1790105947.438,swift-user-service,5.935,200
1790105947.441,swift-product-service,3.229,200
1790105947.444,swift-order-service,2.948,200
1790105947.950,swift-user-service,5.332,200
1790105947.953,swift-product-service,3.186,200
1790105947.956,swift-order-service,2.887,200
1790105948.462,swift-user-service,1.590,200
1790105948.463,swift-product-service,0.967,200
1790105948.464,swift-order-service,0.945,200
1790105948.977,swift-user-service,11.120,200
1790105948.981,swift-product-service,4.357,200
1790105948.984,swift-order-service,2.433,200
1790105949.490,swift-user-service,2.743,200
1790105949.491,swift-product-service,1.220,200
1790105949.493,swift-order-service,1.509,200
1790105950.008,swift-user-service,5.542,200
1790105950.012,swift-product-service,3.482,200
1790105950.015,swift-order-service,3.132,200
1790105950.531,swift-user-service,5.627,200
1790105950.535,swift-product-service,4.296,200
1790105950.540,swift-order-service,4.342,200
1790105951.055,swift-user-service,5.388,200
1790105951.058,swift-product-service,3.309,200
1790105951.062,swift-order-service,3.120,200
1790105951.573,swift-user-service,5.500,200
1790105951.577,swift-product-service,3.774,200
1790105951.580,swift-order-service,3.475,200
1790105952.089,swift-user-service,5.400,200
1790105952.093,swift-product-service,3.285,200
1790105952.096,swift-order-service,3.123,200
1790105952.611,swift-user-service,5.030,200
1790105952.614,swift-product-service,3.153,200
1790105952.617,swift-order-service,2.840,200
1790105953.125,swift-user-service,4.317,200
1790105953.128,swift-product-service,2.839,200
1790105953.130,swift-order-service,2.851,200
1790105953.644,swift-user-service,2.862,200
1790105953.645,swift-product-service,1.596,200
1790105953.646,swift-order-service,1.301,200
1790105954.159,swift-user-service,5.077,200
1790105954.162,swift-product-service,3.055,200
1790105954.165,swift-order-service,2.908,200
1790105954.674,swift-user-service,2.733,200
1790105954.676,swift-product-service,2.093,200
1790105954.678,swift-order-service,2.029,200
1790105955.186,swift-user-service,1.768,200
1790105955.188,swift-product-service,1.485,200
1790105955.189,swift-order-service,1.244,200
1790105955.706,swift-user-service,6.472,200
1790105955.709,swift-product-service,3.262,200
1790105955.712,swift-order-service,3.208,200
1790105956.218,swift-user-service,4.854,200
1790105956.221,swift-product-service,2.940,200
1790105956.224,swift-order-service,3.086,200
1790105956.730,swift-user-service,5.209,200
1790105956.733,swift-product-service,3.125,200
1790105956.736,swift-order-service,3.326,200
1790105957.240,swift-user-service,3.210,200
1790105957.242,swift-product-service,2.105,200
1790105957.244,swift-order-service,1.693,200
1790105957.754,swift-user-service,6.467,200
1790105957.757,swift-product-service,3.296,200
1790105957.760,swift-order-service,2.952,200
1790105958.270,swift-user-service,4.971,200
1790105958.273,swift-product-service,2.861,200
1790105958.276,swift-order-service,3.069,200
1790105958.787,swift-user-service,2.751,200
1790105958.789,swift-product-service,1.621,200
1790105958.791,swift-order-service,1.940,200
1790105959.303,swift-user-service,5.016,200
1790105959.306,swift-product-service,2.923,200
1790105959.309,swift-order-service,2.744,200
1790105959.815,swift-user-service,2.618,200
1790105959.817,swift-product-service,1.474,200
1790105959.818,swift-order-service,1.592,200
1790105960.330,swift-user-service,2.486,200
1790105960.331,swift-product-service,1.621,200
1790105960.333,swift-order-service,1.267,200
1790105960.840,swift-user-service,6.145,200
1790105960.844,swift-product-service,3.584,200
1790105960.847,swift-order-service,3.057,200
1790105961.354,swift-user-service,4.911,200
1790105961.357,swift-product-service,2.847,200
1790105961.360,swift-order-service,2.910,200
1790105961.870,swift-user-service,5.616,200
1790105961.873,swift-product-service,2.928,200
1790105961.876,swift-order-service,3.091,200
1790105962.383,swift-user-service,2.334,200
1790105962.384,swift-product-service,1.294,200
1790105962.385,swift-order-service,1.245,200
1790105962.898,swift-user-service,4.771,200
1790105962.901,swift-product-service,2.836,200
1790105962.904,swift-order-service,3.042,200
1790105963.419,swift-user-service,4.780,200
1790105963.422,swift-product-service,3.326,200
1790105963.425,swift-order-service,2.932,200
1790105963.933,swift-user-service,4.957,200
1790105963.936,swift-product-service,3.003,200
1790105963.940,swift-order-service,3.690,200
1790105964.455,swift-user-service,4.924,200
1790105964.458,swift-product-service,3.123,200
1790105964.462,swift-order-service,3.191,200
1790105964.974,swift-user-service,2.610,200
1790105964.976,swift-product-service,1.417,200
1790105964.977,swift-order-service,1.462,200
1790105965.483,swift-user-service,2.085,200
1790105965.485,swift-product-service,1.678,200
1790105965.487,swift-order-service,1.799,200
1790105966.002,swift-user-service,5.648,200
1790105966.005,swift-product-service,3.043,200
1790105966.008,swift-order-service,2.984,200
1790105966.516,swift-user-service,5.414,200
1790105966.519,swift-product-service,3.037,200
1790105966.522,swift-order-service,2.885,200
1790105967.032,swift-user-service,5.501,200
1790105967.037,swift-product-service,4.441,200
1790105967.041,swift-order-service,4.394,200
1790105967.550,swift-user-service,2.453,200
1790105967.551,swift-product-service,1.269,200
1790105967.553,swift-order-service,1.365,200
1790105968.068,swift-user-service,4.827,200
1790105968.071,swift-product-service,3.095,200
1790105968.074,swift-order-service,3.210,200
1790105968.585,swift-user-service,5.150,200
1790105968.588,swift-product-service,2.834,200
1790105968.591,swift-order-service,2.925,200
1790105969.101,swift-user-service,4.974,200
1790105969.104,swift-product-service,2.845,200
1790105969.107,swift-order-service,3.124,200
1790105969.622,swift-user-service,5.144,200
1790105969.626,swift-product-service,3.493,200
1790105969.629,swift-order-service,3.321,200
1790105970.142,swift-user-service,2.843,200
1790105970.144,swift-product-service,1.091,200
1790105970.145,swift-order-service,1.136,200
1790105970.656,swift-user-service,2.250,200
1790105970.658,swift-product-service,1.387,200
1790105970.659,swift-order-service,1.275,200
1790105971.168,swift-user-service,5.002,200
1790105971.171,swift-product-service,3.007,200
1790105971.174,swift-order-service,2.642,200
1790105971.689,swift-user-service,5.316,200
1790105971.692,swift-product-service,2.998,200
1790105971.695,swift-order-service,2.930,200
1790105972.207,swift-user-service,4.873,200
1790105972.210,swift-product-service,3.070,200
1790105972.213,swift-order-service,2.769,200
1790105972.724,swift-user-service,3.287,200
1790105972.726,swift-product-service,2.108,200
1790105972.728,swift-order-service,2.157,200
1790105973.239,swift-user-service,5.087,200
1790105973.242,swift-product-service,3.253,200
1790105973.245,swift-order-service,2.959,200
1790105973.755,swift-user-service,3.395,200
1790105973.758,swift-product-service,2.821,200
1790105973.760,swift-order-service,2.236,200
1790105974.272,swift-user-service,3.499,200
1790105974.273,swift-product-service,1.625,200
1790105974.275,swift-order-service,1.452,200
1790105974.781,swift-user-service,5.414,200
1790105974.785,swift-product-service,3.297,200
1790105974.788,swift-order-service,2.940,200
1790105975.300,swift-user-service,2.395,200
1790105975.302,swift-product-service,1.343,200
1790105975.303,swift-order-service,1.203,200
1790105975.810,swift-user-service,2.540,200
1790105975.812,swift-product-service,1.643,200
1790105975.814,swift-order-service,2.023,200
1790105976.329,swift-user-service,5.320,200
1790105976.333,swift-product-service,3.130,200
1790105976.335,swift-order-service,2.656,200
1790105976.848,swift-user-service,5.368,200
1790105976.852,swift-product-service,4.225,200
1790105976.856,swift-order-service,3.537,200
1790105977.372,swift-user-service,5.528,200
1790105977.375,swift-product-service,3.334,200
1790105977.378,swift-order-service,3.193,200
1790105977.892,swift-user-service,4.201,200
1790105977.894,swift-product-service,2.826,200
1790105977.897,swift-order-service,2.779,200
1790105978.405,swift-user-service,4.471,200
1790105978.408,swift-product-service,3.157,200
1790105978.412,swift-order-service,3.905,200
1790105978.917,swift-user-service,1.750,200
1790105978.918,swift-product-service,0.989,200
1790105978.919,swift-order-service,0.946,200
1790105979.425,swift-user-service,5.146,200
1790105979.428,swift-product-service,3.219,200
1790105979.431,swift-order-service,2.876,200
1790105979.940,swift-user-service,5.307,200
1790105979.944,swift-product-service,3.297,200
1790105979.947,swift-order-service,2.845,200
1790105980.455,swift-user-service,4.668,200
1790105980.460,swift-product-service,4.214,200
1790105980.463,swift-order-service,3.351,200
1790105980.973,swift-user-service,6.291,200
1790105980.976,swift-product-service,3.454,200
1790105980.979,swift-order-service,2.918,200
1790105981.487,swift-user-service,5.395,200
1790105981.491,swift-product-service,3.332,200
1790105981.494,swift-order-service,3.064,200
1790105982.009,swift-user-service,5.423,200
1790105982.012,swift-product-service,2.905,200
1790105982.015,swift-order-service,2.966,200
1790105982.531,swift-user-service,7.764,200
1790105982.535,swift-product-service,4.292,200
1790105982.539,swift-order-service,3.874,200
1790105983.054,swift-user-service,4.916,200
1790105983.057,swift-product-service,2.869,200
1790105983.060,swift-order-service,2.678,200
1790105983.568,swift-user-service,6.073,200
1790105983.572,swift-product-service,4.144,200
1790105983.575,swift-order-service,2.965,200
1790105984.086,swift-user-service,2.796,200
1790105984.088,swift-product-service,1.530,200
1790105984.089,swift-order-service,1.061,200
1790105984.594,swift-user-service,3.451,200
1790105984.596,swift-product-service,2.215,200
1790105984.598,swift-order-service,1.443,200
1790105985.109,swift-user-service,3.778,200
1790105985.112,swift-product-service,2.465,200
1790105985.115,swift-order-service,2.778,200
1790105985.629,swift-user-service,5.432,200
1790105985.633,swift-product-service,3.371,200
1790105985.636,swift-order-service,3.023,200
1790105986.158,swift-user-service,13.399,200
1790105986.161,swift-product-service,3.664,200
1790105986.164,swift-order-service,2.863,200
1790105986.683,swift-user-service,6.862,200
1790105986.688,swift-product-service,5.364,200
1790105986.692,swift-order-service,3.651,200
1790105987.204,swift-user-service,4.545,200
1790105987.207,swift-product-service,2.992,200
1790105987.210,swift-order-service,3.180,200
1790105987.726,swift-user-service,5.992,200
1790105987.730,swift-product-service,4.054,200
1790105987.734,swift-order-service,3.330,200
1790105988.249,swift-user-service,4.931,200
1790105988.252,swift-product-service,2.892,200
1790105988.255,swift-order-service,2.980,200
1790105988.768,swift-user-service,5.714,200
1790105988.773,swift-product-service,4.359,200
1790105988.776,swift-order-service,3.445,200
1790105989.291,swift-user-service,5.491,200
1790105989.294,swift-product-service,2.903,200
1790105989.297,swift-order-service,2.827,200
